features,propertyType,zoning,features_id
"{""architectureType"": ""A-Frame"", ""cooling"": true, ""coolingType"": ""Commercial"", ""exteriorType"": ""Stucco"", ""fireplace"": true, ""floorCount"": 1, ""foundationType"": ""Other"", ""garage"": true, ""garageType"": ""Attached"", ""heating"": true, ""heatingType"": ""Forced Air"", ""roofType"": ""Shingle"", ""roomCount"": 9, ""unitCount"": 1}",Single Family,NaN,1
"{""exteriorType"": ""Other"", ""floorCount"": 1, ""garage"": true, ""garageSpaces"": 1, ""garageType"": ""Detached"", ""heating"": true, ""heatingType"": ""Forced Air"", ""roofType"": ""Asphalt""}",Single Family,"""R2""",2
"{""floorCount"": 2, ""garage"": true, ""garageSpaces"": 63, ""garageType"": ""Garage"", ""unitCount"": 248}",Apartment,"""R4""",3
"{""cooling"": true, ""coolingType"": ""Evaporative"", ""exteriorType"": ""Adobe"", ""floorCount"": 1, ""garage"": true, ""garageSpaces"": 2, ""garageType"": ""Garage"", ""heating"": true, ""heatingType"": ""Forced Air"", ""roofType"": ""Built-up (Layered Asphalt)"", ""roomCount"": 7, ""unitCount"": 1}",Single Family,NaN,4
NaN,Land,NaN,5
"{""cooling"": true, ""coolingType"": ""Central"", ""exteriorType"": ""Brick Veneer"", ""floorCount"": 1, ""garage"": true, ""garageType"": ""Attached"", ""heating"": true, ""heatingType"": ""Central""}",Single Family,NaN,6
"{""architectureType"": ""Ranch"", ""cooling"": true, ""coolingType"": ""Central"", ""exteriorType"": ""Brick Veneer"", ""floorCount"": 1, ""foundationType"": ""Slab / Mat / Raft"", ""garage"": true, ""garageType"": ""Carport"", ""heating"": true, ""heatingType"": ""Forced Air"", ""roofType"": ""Asphalt"", ""unitCount"": 1}",Single Family,NaN,7
"{""exteriorType"": ""Wood"", ""floorCount"": 2, ""garage"": true, ""garageSpaces"": 3, ""garageType"": ""Garage"", ""unitCount"": 1}",Single Family,"""R65""",8
"{""cooling"": true, ""coolingType"": ""Central"", ""exteriorType"": ""Brick Veneer"", ""fireplace"": true, ""floorCount"": 2, ""foundationType"": ""Slab / Mat / Raft"", ""garage"": true, ""garageSpaces"": 2, ""garageType"": ""Attached"", ""heating"": true, ""heatingType"": ""Central"", ""roofType"": ""Composition Shingle"", ""unitCount"": 1}",Single Family,"""Z298""",9
"{""architectureType"": ""Ranch"", ""cooling"": true, ""coolingType"": ""Central"", ""exteriorType"": ""Wood Frame"", ""fireplace"": true, ""fireplaceType"": ""Gas Log"", ""floorCount"": 1, ""foundationType"": ""Other"", ""garage"": true, ""garageSpaces"": 3, ""garageType"": ""Attached"", ""heating"": true, ""heatingType"": ""Forced Air"", ""pool"": true, ""poolType"": ""Pool and Hot Tub / Spa"", ""roofType"": ""Tile"", ""roomCount"": 11, ""unitCount"": 1}",Single Family,NaN,10
"{""cooling"": true, ""coolingType"": ""Central"", ""exteriorType"": ""Brick"", ""floorCount"": 2, ""garage"": true, ""garageSpaces"": 1, ""garageType"": ""Basement"", ""heating"": true, ""heatingType"": ""Hot Water"", ""roomCount"": 6, ""unitCount"": 1, ""viewType"": ""Average""}",Single Family,"""RSA3""",11
"{""architectureType"": ""Ranch"", ""exteriorType"": ""Siding"", ""fireplace"": true, ""floorCount"": 1, ""heating"": true, ""heatingType"": ""Forced Air"", ""roofType"": ""Composition Shingle"", ""roomCount"": 5, ""unitCount"": 1}",Single Family,NaN,12
"{""cooling"": true, ""coolingType"": ""Central"", ""exteriorType"": ""Stucco"", ""floorCount"": 1, ""garage"": true, ""garageType"": ""Attached"", ""heating"": true, ""heatingType"": ""Central"", ""roofType"": ""Composition Shingle"", ""unitCount"": 1}",Single Family,"""PD-R""",13
"{""cooling"": true, ""coolingType"": ""Central"", ""fireplace"": true, ""floorCount"": 1, ""garage"": true, ""garageType"": ""Attached"", ""heating"": true, ""heatingType"": ""Central"", ""roofType"": ""Tile""}",Land,"""CBOOK""",14
NaN,Unknown,NaN,15
"{""architectureType"": ""Ranch"", ""exteriorType"": ""Wood"", ""floorCount"": 1, ""garage"": true, ""garageSpaces"": 1, ""garageType"": ""Garage"", ""heating"": true, ""heatingType"": ""Baseboard"", ""unitCount"": 1}",Single Family,"""RR2""",16
"{""cooling"": true, ""coolingType"": ""Central"", ""fireplace"": true, ""fireplaceType"": ""Masonry"", ""floorCount"": 2, ""foundationType"": ""Slab / Mat / Raft"", ""garage"": true, ""garageSpaces"": 1, ""garageType"": ""Attached"", ""heating"": true, ""heatingType"": ""Central"", ""roofType"": ""Asphalt"", ""roomCount"": 8}",Single Family,NaN,17
"{""architectureType"": ""Ranch"", ""cooling"": true, ""coolingType"": ""Central"", ""exteriorType"": ""Aluminum / Vinyl Siding"", ""floorCount"": 1, ""garage"": true, ""garageType"": ""Detached"", ""heating"": true, ""heatingType"": ""Central"", ""roomCount"": 5, ""unitCount"": 1}",Single Family,"""H""",18
"{""architectureType"": ""Conventional"", ""cooling"": true, ""coolingType"": ""Commercial"", ""exteriorType"": ""Other"", ""fireplace"": true, ""floorCount"": 2, ""garage"": true, ""garageType"": ""Attached"", ""heating"": true, ""heatingType"": ""Forced Air"", ""roomCount"": 8, ""unitCount"": 1}",Single Family,"""R100M-SINGLE FAM RES""",19
"{""architectureType"": ""Split Level"", ""cooling"": true, ""coolingType"": ""Commercial"", ""exteriorType"": ""Aluminum / Vinyl Siding"", ""floorCount"": 2, ""garage"": true, ""garageType"": ""Garage"", ""heating"": true, ""heatingType"": ""Hot Water"", ""roofType"": ""Asphalt"", ""roomCount"": 7, ""unitCount"": 1}",Single Family,"""R4""",20
"{""architectureType"": ""Multi-Unit Building"", ""exteriorType"": ""Other"", ""floorCount"": 2, ""garage"": true, ""garageType"": ""Garage"", ""heating"": true, ""heatingType"": ""Central"", ""roofType"": ""Shingle""}",Multi-Family,NaN,21
"{""cooling"": true, ""coolingType"": ""Central"", ""fireplace"": true, ""floorCount"": 2, ""garage"": true, ""garageType"": ""Attached"", ""heating"": true, ""heatingType"": ""Central"", ""roomCount"": 5, ""unitCount"": 1, ""viewType"": ""Water""}",Single Family,NaN,22
"{""cooling"": true, ""coolingType"": ""Central"", ""exteriorType"": ""Aluminum / Vinyl Siding"", ""fireplace"": true, ""floorCount"": 2, ""garage"": true, ""garageType"": ""Attached"", ""heating"": true, ""heatingType"": ""Forced Air"", ""roofType"": ""Wood Shingle"", ""roomCount"": 5, ""unitCount"": 1}",Single Family,NaN,23
"{""cooling"": true, ""coolingType"": ""Commercial"", ""fireplace"": true, ""garage"": true, ""garageType"": ""Garage"", ""unitCount"": 1}",Single Family,NaN,24
"{""architectureType"": ""Modern"", ""cooling"": true, ""coolingType"": ""Central"", ""fireplace"": true, ""floorCount"": 1, ""garage"": true, ""garageSpaces"": 2, ""garageType"": ""Attached"", ""heating"": true, ""heatingType"": ""Central"", ""pool"": true, ""poolType"": ""Pool and Hot Tub / Spa"", ""roofType"": ""Tile"", ""roomCount"": 8, ""unitCount"": 1, ""viewType"": ""Fair""}",Single Family,NaN,25
NaN,Single Family,NaN,26
"{""architectureType"": ""Raised Ranch"", ""exteriorType"": ""Wood"", ""floorCount"": 1, ""garage"": true, ""garageSpaces"": 1, ""garageType"": ""Underground / Basement"", ""heating"": true, ""heatingType"": ""Hot Water"", ""pool"": true, ""poolType"": ""Above-Ground Pool"", ""roomCount"": 6, ""unitCount"": 1}",Single Family,"""R2""",27
"{""exteriorType"": ""Stucco"", ""floorCount"": 1, ""heating"": true, ""heatingType"": ""Heat Pump"", ""garage"": true, ""garageType"": ""Attached""}",Single Family,"""SP""",28
"{""exteriorType"": ""Brick"", ""floorCount"": 1, ""garage"": true, ""garageType"": ""Detached"", ""heating"": true, ""heatingType"": ""Central"", ""roomCount"": 5, ""unitCount"": 1}",Single Family,"""E-SU-DX""",29
"{""cooling"": true, ""coolingType"": ""Commercial"", ""exteriorType"": ""Brick"", ""fireplace"": true, ""fireplaceType"": ""Single"", ""floorCount"": 2, ""foundationType"": ""Raised"", ""garage"": true, ""garageSpaces"": 2, ""garageType"": ""Attached"", ""heating"": true, ""heatingType"": ""Central"", ""pool"": true, ""roofType"": ""Asphalt"", ""unitCount"": 1}",Single Family,NaN,30
"{""architectureType"": ""Condo / Apartment"", ""cooling"": true, ""coolingType"": ""Central"", ""fireplace"": true, ""floorCount"": 1, ""garage"": true, ""garageType"": ""Attached"", ""heating"": true, ""heatingType"": ""Central"", ""roofType"": ""Tile"", ""unitCount"": 1}",Condo,"""CBOOK""",31
NaN,Single Family,"""A-R""",32
"{""cooling"": true, ""coolingType"": ""Commercial"", ""fireplace"": true, ""floorCount"": 2, ""foundationType"": ""Slab / Mat / Raft"", ""garage"": true, ""garageType"": ""Mixed"", ""heating"": true, ""heatingType"": ""Central"", ""pool"": true, ""poolType"": ""Pool and Hot Tub / Spa"", ""roofType"": ""Metal"", ""unitCount"": 1}",Single Family,NaN,33
"{""exteriorType"": ""Wood"", ""floorCount"": 1, ""heating"": true, ""heatingType"": ""Hot Water"", ""unitCount"": 1}",Single Family,NaN,34
"{""architectureType"": ""Mobile Home"", ""floorCount"": 1}",Manufactured,NaN,35
"{""architectureType"": ""Ranch"", ""exteriorType"": ""Brick / Stone"", ""floorCount"": 1, ""foundationType"": ""Slab / Mat / Raft"", ""garage"": true, ""garageType"": ""Attached"", ""heating"": true, ""heatingType"": ""Forced Air"", ""roofType"": ""Composition Shingle"", ""unitCount"": 1, ""cooling"": true, ""coolingType"": ""Central""}",Single Family,NaN,36
"{""architectureType"": ""Conventional"", ""cooling"": true, ""coolingType"": ""Central"", ""exteriorType"": ""Brick"", ""fireplace"": true, ""fireplaceType"": ""Masonry"", ""floorCount"": 1, ""foundationType"": ""Slab / Mat / Raft"", ""garage"": true, ""garageSpaces"": 2, ""garageType"": ""Attached"", ""heating"": true, ""heatingType"": ""Forced Air"", ""roofType"": ""Composition Shingle"", ""roomCount"": 2, ""unitCount"": 1}",Single Family,"""R-20 MONROE""",37
"{""exteriorType"": ""Concrete Block"", ""floorCount"": 1, ""unitCount"": 1}",Single Family,"""0100:SINGLE FAM,GENERAL""",38
"{""cooling"": true, ""coolingType"": ""Central"", ""exteriorType"": ""Stucco"", ""floorCount"": 1, ""foundationType"": ""Slab / Mat / Raft"", ""garage"": true, ""garageType"": ""Attached"", ""heating"": true, ""heatingType"": ""Central"", ""roofType"": ""Asphalt"", ""unitCount"": 1}",Single Family,"""RS2""",39
"{""architectureType"": ""Townhouse"", ""cooling"": true, ""coolingType"": ""Central"", ""exteriorType"": ""Brick / Stone"", ""floorCount"": 3, ""foundationType"": ""Slab / Mat / Raft"", ""garage"": true, ""garageType"": ""Garage"", ""heating"": true, ""heatingType"": ""Central"", ""roofType"": ""Asphalt"", ""roomCount"": 6}",Single Family,"""PDH4""",40
"{""architectureType"": ""Ranch"", ""cooling"": true, ""coolingType"": ""Central"", ""exteriorType"": ""Baked Enamel"", ""floorCount"": 1, ""foundationType"": ""Slab / Mat / Raft"", ""heating"": true, ""heatingType"": ""Hot Water"", ""roomCount"": 4, ""unitCount"": 1}",Single Family,"""C-1""",41
"{""exteriorType"": ""Brick"", ""fireplace"": true, ""floorCount"": 3, ""garage"": true, ""garageSpaces"": 1, ""garageType"": ""Detached"", ""heating"": true, ""heatingType"": ""Hot Water"", ""roofType"": ""Asphalt"", ""unitCount"": 1}",Single Family,"""R1""",42
"{""architectureType"": ""Townhouse"", ""cooling"": true, ""coolingType"": ""Commercial"", ""exteriorType"": ""Siding"", ""fireplace"": true, ""floorCount"": 1, ""garage"": true, ""garageType"": ""Garage"", ""heating"": true, ""heatingType"": ""Heat Pump"", ""roofType"": ""Composition Shingle"", ""unitCount"": 1}",Condo,"""R15""",43
NaN,Apartment,NaN,44
NaN,Condo,NaN,45
"{""exteriorType"": ""Frame Siding"", ""floorCount"": 2, ""roomCount"": 5}",Single Family,"""PUD;PLAN UNIT DEV DIST""",46
"{""architectureType"": ""Townhouse"", ""cooling"": true, ""coolingType"": ""Commercial"", ""exteriorType"": ""Aluminum / Vinyl Siding"", ""fireplace"": true, ""fireplaceType"": ""Gas Log"", ""floorCount"": 2, ""garage"": true, ""garageType"": ""Attached"", ""heating"": true, ""heatingType"": ""Heat Pump"", ""roofType"": ""Composition Shingle""}",Condo,"""B2B3""",47
"{""floorCount"": 1, ""garage"": true, ""garageSpaces"": 1, ""garageType"": ""Carport"", ""heating"": true, ""heatingType"": ""Floor / Wall"", ""unitCount"": 1}",Single Family,NaN,48
"{""exteriorType"": ""Brick"", ""floorCount"": 2, ""garage"": true, ""garageSpaces"": 1, ""garageType"": ""Garage"", ""unitCount"": 1}",Single Family,NaN,49
"{""cooling"": true, ""coolingType"": ""Central"", ""fireplace"": true, ""garage"": true, ""garageType"": ""Attached"", ""heating"": true, ""heatingType"": ""Central"", ""roomCount"": 4, ""unitCount"": 1}",Single Family,NaN,50
"{""cooling"": true, ""coolingType"": ""Central"", ""exteriorType"": ""Stucco"", ""floorCount"": 2, ""foundationType"": ""Slab / Mat / Raft"", ""garage"": true, ""garageSpaces"": 2, ""garageType"": ""Garage"", ""roofType"": ""Tile"", ""unitCount"": 1}",Single Family,"""RS6""",51
"{""cooling"": true, ""coolingType"": ""Commercial"", ""fireplace"": true, ""floorCount"": 1, ""foundationType"": ""Slab / Mat / Raft"", ""garage"": true, ""garageSpaces"": 2, ""garageType"": ""Attached"", ""heating"": true, ""heatingType"": ""Central"", ""roofType"": ""Composition Shingle"", ""unitCount"": 1}",Single Family,NaN,52
"{""cooling"": true, ""coolingType"": ""Central"", ""exteriorType"": ""Brick Veneer"", ""fireplace"": true, ""floorCount"": 2, ""foundationType"": ""Slab / Mat / Raft"", ""garage"": true, ""garageType"": ""Attached"", ""heating"": true, ""heatingType"": ""Central"", ""roofType"": ""Composition Shingle""}",Single Family,"""Z236""",53
"{""architectureType"": ""Conventional"", ""cooling"": true, ""coolingType"": ""Commercial"", ""exteriorType"": ""Brick"", ""fireplace"": true, ""floorCount"": 2, ""garage"": true, ""garageType"": ""Garage"", ""heating"": true, ""heatingType"": ""Forced Air"", ""roofType"": ""Composition Shingle"", ""unitCount"": 1}",Single Family,"""R60""",54
"{""architectureType"": ""Traditional"", ""cooling"": true, ""coolingType"": ""Central"", ""exteriorType"": ""Brick Veneer"", ""floorCount"": 1, ""foundationType"": ""Slab / Mat / Raft"", ""garage"": true, ""garageType"": ""Attached"", ""heating"": true, ""heatingType"": ""Central"", ""roomCount"": 5, ""unitCount"": 1}",Single Family,NaN,55
"{""cooling"": true, ""coolingType"": ""Commercial"", ""exteriorType"": ""Vinyl"", ""floorCount"": 1, ""foundationType"": ""Other"", ""heating"": true, ""heatingType"": ""Forced Air"", ""roofType"": ""Shingle"", ""roomCount"": 5, ""unitCount"": 1}",Single Family,"""R-3""",56
"{""architectureType"": ""Colonial"", ""cooling"": true, ""coolingType"": ""Central"", ""exteriorType"": ""Aluminum / Vinyl Siding"", ""fireplace"": true, ""fireplaceType"": ""Single"", ""floorCount"": 2, ""heating"": true, ""heatingType"": ""Central"", ""roomCount"": 8, ""unitCount"": 1, ""garage"": true, ""garageSpaces"": 2, ""garageType"": ""Attached Garage""}",Single Family,NaN,57
"{""fireplace"": true, ""floorCount"": 2, ""garage"": true, ""garageType"": ""Garage"", ""roomCount"": 7, ""unitCount"": 1}",Single Family,"""RPD2.""",58
"{""architectureType"": ""Conventional"", ""cooling"": true, ""coolingType"": ""Central"", ""exteriorType"": ""Brick / Stone"", ""fireplace"": true, ""fireplaceType"": ""Prefab"", ""floorCount"": 2, ""garage"": true, ""garageType"": ""Garage"", ""heating"": true, ""heatingType"": ""Forced Air"", ""roomCount"": 9, ""unitCount"": 1}",Single Family,"""R4A""",59
"{""exteriorType"": ""Concrete Block"", ""floorCount"": 2, ""garage"": true, ""garageType"": ""Garage"", ""pool"": true, ""roofType"": ""Other"", ""unitCount"": 1}",Single Family,"""0100:SINGLE FAM,GENERAL""",60
"{""architectureType"": ""Cape Cod"", ""exteriorType"": ""Aluminum / Vinyl Siding"", ""fireplace"": true, ""floorCount"": 2, ""heating"": true, ""heatingType"": ""Hot Water"", ""roofType"": ""Asphalt"", ""roomCount"": 5, ""unitCount"": 1}",Single Family,"""R1""",61
"{""cooling"": true, ""coolingType"": ""Commercial"", ""exteriorType"": ""Stucco"", ""floorCount"": 1, ""garage"": true, ""garageSpaces"": 3, ""garageType"": ""Attached"", ""heating"": true, ""heatingType"": ""Heat Pump"", ""roofType"": ""Tile"", ""unitCount"": 1}",Single Family,"""R1""",62
"{""architectureType"": ""Bungalow"", ""cooling"": true, ""coolingType"": ""Central"", ""exteriorType"": ""Stucco"", ""fireplace"": true, ""floorCount"": 2, ""foundationType"": ""Block"", ""garage"": true, ""garageType"": ""Garage"", ""heating"": true, ""heatingType"": ""Central"", ""roofType"": ""Shingle"", ""roomCount"": 8, ""unitCount"": 1}",Single Family,NaN,63
"{""exteriorType"": ""Aluminum / Vinyl Siding"", ""fireplace"": true, ""floorCount"": 2, ""foundationType"": ""Other"", ""garage"": true, ""garageSpaces"": 2, ""garageType"": ""Attached"", ""heating"": true, ""heatingType"": ""Forced Air"", ""roofType"": ""Tile"", ""roomCount"": 14, ""unitCount"": 1}",Single Family,NaN,64
"{""cooling"": true, ""exteriorType"": ""Aluminum / Vinyl Siding"", ""fireplace"": true, ""floorCount"": 2, ""heating"": true, ""heatingType"": ""Forced Air"", ""roofType"": ""Composition Shingle"", ""unitCount"": 1}",Single Family,"""TS""",65
"{""fireplace"": true, ""floorCount"": 2, ""garage"": true, ""garageSpaces"": 3, ""garageType"": ""Garage"", ""roofType"": ""Tile"", ""unitCount"": 1, ""viewType"": ""Bluff""}",Single Family,"""RS4""",66
"{""architectureType"": ""Conventional"", ""floorCount"": 1, ""garage"": true, ""garageSpaces"": 1, ""garageType"": ""Garage"", ""heating"": true, ""heatingType"": ""Central"", ""roomCount"": 10, ""unitCount"": 1}",Single Family,"""CERS5000""",67
"{""cooling"": true, ""coolingType"": ""Central"", ""exteriorType"": ""Stucco"", ""floorCount"": 2, ""garage"": true, ""garageSpaces"": 2, ""garageType"": ""Attached"", ""heating"": true, ""heatingType"": ""Forced Air"", ""roofType"": ""Composition Shingle"", ""unitCount"": 1}",Single Family,"""MPUD""",68
"{""architectureType"": ""Traditional"", ""cooling"": true, ""coolingType"": ""Commercial"", ""exteriorType"": ""Brick / Stone"", ""fireplace"": true, ""floorCount"": 1, ""foundationType"": ""Stone"", ""garage"": true, ""garageType"": ""Garage"", ""heating"": true, ""heatingType"": ""Forced Air"", ""roofType"": ""Composition Shingle"", ""unitCount"": 1}",Single Family,"""SF10""",69
NaN,Single Family,"""R-12""",70
"{""fireplace"": true, ""floorCount"": 1, ""garage"": true, ""garageSpaces"": 3, ""garageType"": ""Attached"", ""heating"": true, ""heatingType"": ""Hot Water"", ""pool"": true, ""poolType"": ""Above-Ground Pool"", ""roofType"": ""Asphalt"", ""roomCount"": 8, ""unitCount"": 1}",Single Family,NaN,71
"{""architectureType"": ""Condo / Apartment"", ""exteriorType"": ""Brick"", ""floorCount"": 2, ""garage"": true, ""garageSpaces"": 1, ""garageType"": ""Basement"", ""roomCount"": 7, ""unitCount"": 1, ""viewType"": ""Average""}",Single Family,"""RSA5""",72
"{""architectureType"": ""Colonial"", ""unitCount"": 1}",Single Family,NaN,73
"{""architectureType"": ""Colonial"", ""cooling"": true, ""coolingType"": ""Commercial"", ""exteriorType"": ""Combination"", ""fireplace"": true, ""floorCount"": 2, ""foundationType"": ""Other"", ""garage"": true, ""garageType"": ""Attached"", ""heating"": true, ""heatingType"": ""Steam"", ""roofType"": ""Composition Shingle"", ""roomCount"": 9, ""unitCount"": 1}",Single Family,NaN,74
"{""cooling"": true, ""coolingType"": ""Central"", ""exteriorType"": ""Brick"", ""floorCount"": 2, ""heating"": true, ""heatingType"": ""Heat Pump"", ""roomCount"": 5, ""unitCount"": 1}",Single Family,"""R2""",75
"{""architectureType"": ""Conventional"", ""cooling"": true, ""coolingType"": ""Central"", ""exteriorType"": ""Brick / Stone"", ""floorCount"": 2, ""garage"": true, ""garageType"": ""Detached"", ""heating"": true, ""heatingType"": ""Gas"", ""roomCount"": 5, ""unitCount"": 1}",Single Family,NaN,76
"{""floorCount"": 1, ""unitCount"": 1}",Single Family,"""3700:MULTI-FAM,10-21 U/A""",77
"{""architectureType"": ""Old Style"", ""exteriorType"": ""Wood"", ""floorCount"": 2, ""garage"": true, ""garageType"": ""Garage"", ""heating"": true, ""heatingType"": ""Central"", ""roofType"": ""Composition Shingle"", ""roomCount"": 5, ""unitCount"": 1}",Single Family,NaN,78
"{""cooling"": true, ""coolingType"": ""Central"", ""exteriorType"": ""Brick Veneer"", ""foundationType"": ""Slab / Mat / Raft"", ""garage"": true, ""garageSpaces"": 2, ""garageType"": ""Garage"", ""heating"": true, ""heatingType"": ""Central"", ""roomCount"": 8}",Single Family,NaN,79
"{""cooling"": true, ""coolingType"": ""Central"", ""exteriorType"": ""Concrete"", ""floorCount"": 1, ""heating"": true, ""heatingType"": ""Hot Water"", ""roomCount"": 5, ""unitCount"": 1}",Single Family,"""R-1""",80
"{""cooling"": true, ""coolingType"": ""Commercial"", ""exteriorType"": ""Concrete Block"", ""floorCount"": 1, ""foundationType"": ""Pier / Post & Beam"", ""heating"": true, ""heatingType"": ""Forced Air"", ""roofType"": ""Asphalt"", ""roomCount"": 4, ""unitCount"": 1}",Single Family,NaN,81
"{""cooling"": true, ""coolingType"": ""Central"", ""exteriorType"": ""Brick"", ""floorCount"": 2, ""heating"": true, ""heatingType"": ""Central"", ""unitCount"": 1}",Single Family,"""RD""",82
"{""architectureType"": ""Ranch"", ""cooling"": true, ""coolingType"": ""Central"", ""exteriorType"": ""Wood"", ""fireplace"": true, ""floorCount"": 1, ""heating"": true, ""heatingType"": ""Central"", ""unitCount"": 1}",Single Family,"""R100""",83
"{""architectureType"": ""Ranch"", ""cooling"": true, ""coolingType"": ""Central"", ""exteriorType"": ""Stucco"", ""floorCount"": 1, ""garage"": true, ""garageType"": ""Attached"", ""heating"": true, ""heatingType"": ""Forced Air"", ""roofType"": ""Tile""}",Single Family,"""R1-W""",84
"{""garage"": true, ""garageType"": ""Garage""}",Single Family,NaN,85
"{""architectureType"": ""Conventional"", ""cooling"": true, ""coolingType"": ""Commercial"", ""floorCount"": 1, ""garage"": true, ""garageSpaces"": 1, ""garageType"": ""Garage"", ""heating"": true, ""heatingType"": ""Central"", ""roomCount"": 9, ""unitCount"": 1}",Single Family,"""LARS""",86
"{""architectureType"": ""Cape Cod"", ""exteriorType"": ""Aluminum / Vinyl Siding"", ""floorCount"": 2, ""foundationType"": ""Block"", ""garage"": true, ""garageSpaces"": 2, ""garageType"": ""Garage"", ""roofType"": ""Shingle"", ""roomCount"": 8, ""unitCount"": 1}",Single Family,"""R-22""",87
"{""cooling"": true, ""coolingType"": ""Central"", ""exteriorType"": ""Aluminum / Vinyl Siding"", ""fireplace"": true, ""floorCount"": 2, ""foundationType"": ""Other"", ""garage"": true, ""garageType"": ""Mixed"", ""heating"": true, ""heatingType"": ""Central"", ""roofType"": ""Shingle"", ""roomCount"": 8, ""unitCount"": 1}",Single Family,NaN,88
"{""unitCount"": 1}",Land,NaN,89
"{""exteriorType"": ""Wood"", ""floorCount"": 1, ""garage"": true, ""garageSpaces"": 2, ""garageType"": ""Garage"", ""unitCount"": 1}",Single Family,"""A""",90
"{""cooling"": true, ""coolingType"": ""Central"", ""exteriorType"": ""Stucco"", ""floorCount"": 1, ""foundationType"": ""Footing"", ""garage"": true, ""garageSpaces"": 1, ""garageType"": ""Garage"", ""heating"": true, ""heatingType"": ""Central"", ""roofType"": ""Composition Shingle"", ""unitCount"": 1, ""pool"": true}",Single Family,NaN,91
"{""architectureType"": ""Ranch"", ""cooling"": true, ""coolingType"": ""Commercial"", ""exteriorType"": ""Aluminum / Vinyl Siding"", ""floorCount"": 1, ""foundationType"": ""Other"", ""garage"": true, ""garageType"": ""Detached"", ""heating"": true, ""heatingType"": ""Forced Air"", ""roofType"": ""Shingle"", ""roomCount"": 5, ""unitCount"": 1}",Single Family,NaN,92
"{""architectureType"": ""Conventional"", ""exteriorType"": ""Wood"", ""floorCount"": 2, ""garage"": true, ""garageType"": ""Garage"", ""heating"": true, ""heatingType"": ""Baseboard"", ""roomCount"": 8, ""unitCount"": 1}",Single Family,NaN,93
"{""architectureType"": ""Contemporary"", ""cooling"": true, ""coolingType"": ""Central"", ""exteriorType"": ""Stucco"", ""fireplace"": true, ""floorCount"": 1, ""garage"": true, ""garageType"": ""Garage"", ""heating"": true, ""heatingType"": ""Central"", ""roofType"": ""Composition Shingle"", ""unitCount"": 1}",Single Family,"""RSC-6""",94
"{""cooling"": true, ""coolingType"": ""Central"", ""exteriorType"": ""Aluminum / Vinyl Siding"", ""floorCount"": 2, ""heating"": true, ""heatingType"": ""Central"", ""roomCount"": 7}",Single Family,"""R2""",95
"{""architectureType"": ""Conventional"", ""exteriorType"": ""Other"", ""floorCount"": 1, ""foundationType"": ""Raised"", ""heating"": true, ""heatingType"": ""Central"", ""roofType"": ""Composition Shingle""}",Single Family,"""R5A-RESIDENTIAL MULTI-FAM""",96
"{""architectureType"": ""Bungalow"", ""cooling"": true, ""coolingType"": ""Central"", ""exteriorType"": ""Brick"", ""floorCount"": 1, ""garage"": true, ""garageSpaces"": 1, ""garageType"": ""Basement"", ""heating"": true, ""heatingType"": ""Forced Air"", ""roomCount"": 5, ""unitCount"": 1, ""foundationType"": ""Raised""}",Single Family,"""40RSING""",97
"{""cooling"": true, ""coolingType"": ""Central"", ""floorCount"": 1, ""garage"": true, ""garageType"": ""Attached"", ""heating"": true, ""heatingType"": ""Central"", ""roofType"": ""Composition Shingle"", ""roomCount"": 5, ""unitCount"": 1}",Single Family,NaN,98
"{""architectureType"": ""Colonial"", ""cooling"": true, ""coolingType"": ""Commercial"", ""exteriorType"": ""Brick"", ""fireplace"": true, ""floorCount"": 2, ""garage"": true, ""garageType"": ""Garage"", ""heating"": true, ""heatingType"": ""Forced Air"", ""pool"": true, ""poolType"": ""Pool and Hot Tub / Spa"", ""roofType"": ""Asphalt"", ""roomCount"": 10}",Single Family,"""RES""",99
"{""garage"": true, ""garageSpaces"": 1, ""garageType"": ""Garage"", ""unitCount"": 1, ""architectureType"": ""Condo / Apartment""}",Condo,"""PURD""",100
"{""architectureType"": ""Conventional"", ""exteriorType"": ""Wood"", ""floorCount"": 2, ""heating"": true, ""heatingType"": ""Forced Air"", ""roomCount"": 8, ""unitCount"": 1, ""cooling"": true, ""coolingType"": ""Central""}",Single Family,"""10-RD6""",101
"{""architectureType"": ""Condo / Apartment"", ""exteriorType"": ""Other"", ""fireplace"": true, ""fireplaceType"": ""Single"", ""floorCount"": 1, ""foundationType"": ""Wood"", ""heating"": true, ""heatingType"": ""Hot Water"", ""roofType"": ""Composition Shingle"", ""unitCount"": 1}",Condo,"""TA_MS""",102
"{""cooling"": true, ""coolingType"": ""Central"", ""floorCount"": 1, ""garage"": true, ""garageType"": ""Garage"", ""heating"": true, ""heatingType"": ""Central"", ""unitCount"": 1}",Land,NaN,103
"{""architectureType"": ""Condo / Apartment"", ""garage"": true, ""garageSpaces"": 1, ""garageType"": ""Garage"", ""unitCount"": 1}",Condo,"""R-1:SINGLE FAM-RES""",104
"{""architectureType"": ""Traditional"", ""cooling"": true, ""coolingType"": ""Central"", ""exteriorType"": ""Brick"", ""fireplace"": true, ""floorCount"": 1, ""foundationType"": ""Slab / Mat / Raft"", ""garage"": true, ""garageType"": ""Attached"", ""heating"": true, ""heatingType"": ""Central"", ""roomCount"": 6, ""unitCount"": 1}",Single Family,NaN,105
"{""cooling"": true, ""coolingType"": ""Commercial"", ""exteriorType"": ""Aluminum / Vinyl Siding"", ""fireplace"": true, ""floorCount"": 2, ""garage"": true, ""garageType"": ""Garage"", ""heating"": true, ""heatingType"": ""Central"", ""roofType"": ""Shingle"", ""roomCount"": 8}",Single Family,"""AC""",106
"{""architectureType"": ""Traditional"", ""exteriorType"": ""Wood"", ""floorCount"": 3, ""garage"": true, ""garageType"": ""Detached"", ""heating"": true, ""heatingType"": ""Forced Air"", ""roomCount"": 10, ""unitCount"": 2}",Multi-Family,"""02 - SINGLE RESIDENCE""",107
"{""architectureType"": ""Contemporary"", ""cooling"": true, ""coolingType"": ""Central"", ""exteriorType"": ""Stucco"", ""fireplace"": true, ""floorCount"": 1, ""garage"": true, ""garageSpaces"": 1, ""garageType"": ""Attached"", ""heating"": true, ""heatingType"": ""Central"", ""roofType"": ""Composition Shingle"", ""roomCount"": 8, ""unitCount"": 1}",Single Family,"""R1""",108
"{""architectureType"": ""Conventional"", ""cooling"": true, ""coolingType"": ""Central"", ""exteriorType"": ""Aluminum / Vinyl Siding"", ""fireplace"": true, ""floorCount"": 2, ""foundationType"": ""Raised"", ""garage"": true, ""garageType"": ""Garage"", ""heating"": true, ""heatingType"": ""Central"", ""unitCount"": 1}",Single Family,"""MDR""",109
"{""architectureType"": ""Conventional"", ""cooling"": true, ""coolingType"": ""Central"", ""exteriorType"": ""Wood"", ""fireplace"": true, ""fireplaceType"": ""Prefab"", ""floorCount"": 2, ""heating"": true, ""heatingType"": ""Forced Air"", ""roomCount"": 8, ""unitCount"": 1, ""garage"": true, ""garageType"": ""Garage""}",Single Family,"""CUP""",110
"{""garage"": true, ""garageType"": ""Attached""}",Single Family,NaN,111
"{""cooling"": true, ""coolingType"": ""Central"", ""fireplace"": true, ""floorCount"": 1, ""foundationType"": ""Raised"", ""garage"": true, ""garageType"": ""Basement"", ""heating"": true, ""heatingType"": ""Central"", ""roomCount"": 8}",Single Family,NaN,112
"{""architectureType"": ""Split Level"", ""cooling"": true, ""coolingType"": ""Central"", ""exteriorType"": ""Brick / Stone"", ""fireplace"": true, ""floorCount"": 1, ""garage"": true, ""garageType"": ""Basement"", ""heating"": true, ""heatingType"": ""Central"", ""roomCount"": 6, ""unitCount"": 1}",Single Family,NaN,113
"{""architectureType"": ""Ranch"", ""fireplace"": true, ""floorCount"": 1, ""garage"": true, ""garageSpaces"": 2, ""garageType"": ""Garage"", ""roomCount"": 8, ""unitCount"": 1}",Single Family,"""INC""",114
"{""architectureType"": ""Contemporary"", ""cooling"": true, ""coolingType"": ""Central"", ""exteriorType"": ""Brick Veneer"", ""fireplace"": true, ""floorCount"": 1, ""foundationType"": ""Slab / Mat / Raft"", ""garage"": true, ""garageSpaces"": 1, ""garageType"": ""Detached"", ""heating"": true, ""heatingType"": ""Central"", ""roomCount"": 7, ""unitCount"": 1}",Single Family,NaN,115
"{""unitCount"": 1, ""floorCount"": 1, ""roomCount"": 5}",Single Family,NaN,116
"{""cooling"": true, ""coolingType"": ""Commercial"", ""exteriorType"": ""Wood"", ""fireplace"": true, ""floorCount"": 2, ""garage"": true, ""garageSpaces"": 2, ""garageType"": ""Attached"", ""heating"": true, ""heatingType"": ""Radiant"", ""roofType"": ""Composition Shingle"", ""unitCount"": 1, ""architectureType"": ""Split Level""}",Single Family,"""R200""",117
"{""exteriorType"": ""Block"", ""floorCount"": 2, ""foundationType"": ""Slab / Mat / Raft"", ""garage"": true, ""garageType"": ""Carport"", ""unitCount"": 1}",Single Family,NaN,118
"{""cooling"": true, ""coolingType"": ""Central"", ""exteriorType"": ""Other"", ""floorCount"": 2, ""garage"": true, ""garageType"": ""Garage"", ""heating"": true, ""heatingType"": ""Forced Air"", ""roofType"": ""Composition Shingle"", ""foundationType"": ""Other""}",Single Family,"""PUD""",119
"{""architectureType"": ""Single Story"", ""exteriorType"": ""Siding"", ""fireplace"": true, ""fireplaceType"": ""Prefab"", ""floorCount"": 1, ""garage"": true, ""garageType"": ""Attached"", ""heating"": true, ""heatingType"": ""Baseboard"", ""roofType"": ""Composition Shingle"", ""unitCount"": 1}",Single Family,"""MSF""",120
"{""architectureType"": ""Ranch"", ""cooling"": true, ""coolingType"": ""Commercial"", ""exteriorType"": ""Aluminum / Vinyl Siding"", ""fireplace"": true, ""floorCount"": 1, ""heating"": true, ""heatingType"": ""Forced Air"", ""roofType"": ""Shingle"", ""roomCount"": 4, ""unitCount"": 1}",Single Family,"""AL-2""",121
"{""cooling"": true, ""coolingType"": ""Central"", ""exteriorType"": ""Other"", ""fireplace"": true, ""floorCount"": 1, ""garage"": true, ""garageType"": ""Mixed"", ""heating"": true, ""heatingType"": ""Forced Air"", ""roofType"": ""Asphalt"", ""unitCount"": 1}",Single Family,"""ER""",122
"{""architectureType"": ""Split Entry"", ""cooling"": true, ""coolingType"": ""Commercial"", ""exteriorType"": ""Composition"", ""floorCount"": 1, ""foundationType"": ""Block"", ""garage"": true, ""garageSpaces"": 2, ""garageType"": ""Attached"", ""heating"": true, ""heatingType"": ""Forced Air"", ""roofType"": ""Asphalt"", ""roomCount"": 5, ""unitCount"": 1}",Single Family,NaN,123
"{""architectureType"": ""Ranch"", ""cooling"": true, ""coolingType"": ""Central"", ""exteriorType"": ""Stucco"", ""fireplace"": true, ""floorCount"": 1, ""garage"": true, ""garageType"": ""Detached"", ""heating"": true, ""heatingType"": ""Gas"", ""roomCount"": 6, ""unitCount"": 1}",Single Family,NaN,124
"{""architectureType"": ""Split Level"", ""cooling"": true, ""coolingType"": ""Commercial"", ""exteriorType"": ""Composition"", ""floorCount"": 2, ""foundationType"": ""Block"", ""garage"": true, ""garageSpaces"": 3, ""garageType"": ""Basement"", ""heating"": true, ""heatingType"": ""Forced Air"", ""roofType"": ""Asphalt"", ""roomCount"": 12, ""unitCount"": 2}",Multi-Family,NaN,125
"{""architectureType"": ""Ranch"", ""cooling"": true, ""coolingType"": ""Central"", ""exteriorType"": ""Vinyl"", ""fireplace"": true, ""floorCount"": 1, ""foundationType"": ""Other"", ""garage"": true, ""garageType"": ""Attached"", ""heating"": true, ""heatingType"": ""Forced Air"", ""roofType"": ""Asphalt"", ""roomCount"": 9}",Single Family,NaN,126
"{""exteriorType"": ""Wood"", ""fireplace"": true, ""floorCount"": 1, ""foundationType"": ""Raised"", ""garage"": true, ""garageSpaces"": 2, ""garageType"": ""Carport"", ""heating"": true, ""heatingType"": ""Baseboard"", ""roofType"": ""Built-up (Layered Asphalt)"", ""roomCount"": 5, ""unitCount"": 1}",Single Family,"""47""",127
NaN,Multi-Family,NaN,128
NaN,Condo,"""4100""",129
"{""fireplace"": true, ""floorCount"": 1, ""garage"": true, ""garageType"": ""Garage"", ""roomCount"": 6, ""unitCount"": 1}",Single Family,"""R1-6""",130
"{""fireplace"": true, ""fireplaceType"": ""Masonry"", ""floorCount"": 1, ""garage"": true, ""garageSpaces"": 2, ""garageType"": ""Attached"", ""heating"": true, ""heatingType"": ""Hot Water"", ""roofType"": ""Asphalt"", ""roomCount"": 7, ""unitCount"": 1}",Single Family,NaN,131
"{""architectureType"": ""Mobile Home"", ""floorCount"": 1, ""unitCount"": 1, ""viewType"": ""Excellent""}",Manufactured,"""R-6""",132
"{""architectureType"": ""Conventional"", ""floorCount"": 1, ""garage"": true, ""garageSpaces"": 1, ""garageType"": ""Garage"", ""heating"": true, ""heatingType"": ""Central"", ""roomCount"": 7, ""unitCount"": 1}",Single Family,"""LARS""",133
"{""cooling"": true, ""coolingType"": ""Central"", ""exteriorType"": ""Brick"", ""fireplace"": true, ""floorCount"": 1, ""foundationType"": ""Slab / Mat / Raft"", ""garage"": true, ""garageType"": ""Attached"", ""heating"": true, ""heatingType"": ""Central"", ""roofType"": ""Composition Shingle"", ""unitCount"": 1}",Single Family,"""SFR""",134
"{""architectureType"": ""Ranch"", ""cooling"": true, ""coolingType"": ""Commercial"", ""exteriorType"": ""Siding"", ""fireplace"": true, ""floorCount"": 1, ""foundationType"": ""Raised"", ""garage"": true, ""garageType"": ""Attached"", ""heating"": true, ""heatingType"": ""Heat Pump"", ""roofType"": ""Composition Shingle"", ""roomCount"": 7}",Single Family,NaN,135
"{""cooling"": true, ""coolingType"": ""Central"", ""exteriorType"": ""Brick"", ""floorCount"": 1, ""foundationType"": ""Slab"", ""heating"": true, ""heatingType"": ""Central"", ""roofType"": ""Gravel"", ""unitCount"": 1}",Condo,NaN,136
"{""architectureType"": ""Conventional"", ""exteriorType"": ""Other"", ""fireplace"": true, ""floorCount"": 1, ""foundationType"": ""Raised"", ""heating"": true, ""heatingType"": ""Forced Air"", ""roofType"": ""Composition Shingle""}",Single Family,"""R6-RESIDENTIAL MULTI-FAMI""",137
"{""architectureType"": ""Condo / Apartment"", ""cooling"": true, ""coolingType"": ""Commercial"", ""heating"": true, ""heatingType"": ""Central"", ""unitCount"": 1}",Condo,"""LAR4""",138
"{""architectureType"": ""Conventional"", ""exteriorType"": ""Siding"", ""fireplace"": true, ""floorCount"": 1, ""garage"": true, ""garageSpaces"": 1, ""garageType"": ""Attached"", ""heating"": true, ""heatingType"": ""Baseboard"", ""roomCount"": 5, ""unitCount"": 1}",Single Family,NaN,139
"{""architectureType"": ""Contemporary"", ""cooling"": true, ""coolingType"": ""Central"", ""exteriorType"": ""Stucco"", ""floorCount"": 1, ""garage"": true, ""garageType"": ""Garage"", ""heating"": true, ""heatingType"": ""Central"", ""roofType"": ""Composition Shingle"", ""unitCount"": 1}",Single Family,"""PD-MU""",140
"{""cooling"": true, ""coolingType"": ""Commercial"", ""exteriorType"": ""Aluminum / Vinyl Siding"", ""fireplace"": true, ""fireplaceType"": ""Single"", ""floorCount"": 2, ""foundationType"": ""Other"", ""garage"": true, ""garageSpaces"": 2, ""garageType"": ""Attached"", ""heating"": true, ""heatingType"": ""Forced Air"", ""roofType"": ""Composition Shingle"", ""roomCount"": 8, ""unitCount"": 1}",Single Family,"""R1""",141
"{""cooling"": true, ""coolingType"": ""Refrigeration"", ""fireplace"": true, ""floorCount"": 1, ""garage"": true, ""garageType"": ""Garage"", ""unitCount"": 1}",Single Family,"""RS4""",142
"{""architectureType"": ""Raised Ranch"", ""cooling"": true, ""coolingType"": ""Commercial"", ""exteriorType"": ""Wood Shingle"", ""fireplace"": true, ""floorCount"": 1, ""garage"": true, ""garageType"": ""Attached"", ""heating"": true, ""heatingType"": ""Heat Pump"", ""roomCount"": 8, ""unitCount"": 1}",Single Family,"""RS""",143
"{""architectureType"": ""Two Family"", ""exteriorType"": ""Aluminum / Vinyl Siding"", ""floorCount"": 2, ""heating"": true, ""heatingType"": ""Hot Water"", ""roofType"": ""Asphalt"", ""roomCount"": 10, ""unitCount"": 2}",Multi-Family,NaN,144
"{""architectureType"": ""Conventional"", ""cooling"": true, ""coolingType"": ""Central"", ""exteriorType"": ""Brick Veneer"", ""fireplace"": true, ""fireplaceType"": ""Prefab"", ""floorCount"": 1, ""foundationType"": ""Slab / Mat / Raft"", ""garage"": true, ""garageSpaces"": 1, ""garageType"": ""Attached"", ""heating"": true, ""heatingType"": ""Central"", ""roofType"": ""Composition Shingle""}",Single Family,NaN,145
"{""cooling"": true, ""coolingType"": ""Central"", ""exteriorType"": ""Stucco"", ""floorCount"": 1, ""garage"": true, ""garageSpaces"": 2, ""garageType"": ""Garage"", ""heating"": true, ""heatingType"": ""Forced Air"", ""roofType"": ""Composition Shingle"", ""unitCount"": 1}",Single Family,"""R-1""",146
"{""garage"": true, ""garageType"": ""Garage"", ""unitCount"": 1}",Single Family,NaN,147
"{""cooling"": true, ""coolingType"": ""Central"", ""exteriorType"": ""Aluminum / Vinyl Siding"", ""floorCount"": 1, ""garage"": true, ""garageType"": ""Garage"", ""heating"": true, ""heatingType"": ""Forced Air"", ""roofType"": ""Composition Shingle"", ""unitCount"": 1}",Single Family,"""PUD""",148
"{""architectureType"": ""Conventional"", ""cooling"": true, ""coolingType"": ""Central"", ""exteriorType"": ""Stone"", ""fireplace"": true, ""floorCount"": 2, ""garage"": true, ""garageSpaces"": 1, ""garageType"": ""Mixed"", ""heating"": true, ""heatingType"": ""Baseboard"", ""roomCount"": 12, ""unitCount"": 1}",Single Family,NaN,149
"{""cooling"": true, ""exteriorType"": ""Siding"", ""fireplace"": true, ""floorCount"": 3, ""garage"": true, ""garageSpaces"": 1, ""garageType"": ""Built-in"", ""heating"": true, ""heatingType"": ""Forced Air"", ""roofType"": ""Composition Shingle"", ""unitCount"": 1, ""architectureType"": ""Townhouse"", ""coolingType"": ""Commercial""}",Single Family,"""R5""",150
"{""architectureType"": ""Conventional"", ""cooling"": true, ""coolingType"": ""Commercial"", ""exteriorType"": ""Siding"", ""fireplace"": true, ""fireplaceType"": ""2 Story"", ""floorCount"": 2, ""garage"": true, ""garageSpaces"": 5, ""garageType"": ""Mixed"", ""heating"": true, ""heatingType"": ""Forced Air"", ""pool"": true, ""roofType"": ""Composition Shingle"", ""unitCount"": 1}",Single Family,"""RCDEO""",151
"{""architectureType"": ""Single Story"", ""cooling"": true, ""coolingType"": ""Central"", ""exteriorType"": ""Concrete Block"", ""floorCount"": 1, ""heating"": true, ""heatingType"": ""Forced Air"", ""roofType"": ""Built-up (Layered Asphalt)"", ""roomCount"": 6, ""unitCount"": 1}",Single Family,NaN,152
"{""architectureType"": ""Conventional"", ""cooling"": true, ""coolingType"": ""Central"", ""exteriorType"": ""Wood"", ""floorCount"": 2, ""garage"": true, ""garageType"": ""Attached"", ""heating"": true, ""heatingType"": ""Central"", ""roomCount"": 6, ""unitCount"": 1}",Single Family,"""R1""",153
"{""architectureType"": ""European"", ""unitCount"": 1}",Manufactured,"""AR""",154
"{""cooling"": true, ""coolingType"": ""Commercial"", ""exteriorType"": ""Stucco"", ""floorCount"": 1, ""garage"": true, ""garageType"": ""Garage"", ""heating"": true, ""heatingType"": ""Forced Air"", ""roofType"": ""Metal"", ""unitCount"": 1}",Single Family,"""PUD""",155
"{""architectureType"": ""Ranch"", ""cooling"": true, ""coolingType"": ""Central"", ""exteriorType"": ""Other"", ""fireplace"": true, ""floorCount"": 2, ""foundationType"": ""Footing"", ""garage"": true, ""garageType"": ""Garage"", ""heating"": true, ""heatingType"": ""Forced Air"", ""roofType"": ""Wood Shingle"", ""unitCount"": 1}",Single Family,"""R-3C""",156
"{""architectureType"": ""Ranch"", ""cooling"": true, ""coolingType"": ""Central"", ""exteriorType"": ""Siding"", ""fireplace"": true, ""floorCount"": 1, ""foundationType"": ""Raised"", ""heating"": true, ""heatingType"": ""Central"", ""roofType"": ""Composition Shingle"", ""roomCount"": 5, ""unitCount"": 1}",Single Family,NaN,157
"{""cooling"": true, ""coolingType"": ""Central"", ""exteriorType"": ""Stucco"", ""fireplace"": true, ""fireplaceType"": ""Gas Log"", ""floorCount"": 2, ""garage"": true, ""garageType"": ""Garage"", ""heating"": true, ""heatingType"": ""Forced Air"", ""roofType"": ""Composition Shingle"", ""unitCount"": 1}",Single Family,"""PUD""",158
"{""architectureType"": ""Condo / Apartment"", ""exteriorType"": ""Metal"", ""floorCount"": 1, ""heating"": true, ""heatingType"": ""Forced Air"", ""roofType"": ""Other"", ""roomCount"": 3, ""unitCount"": 1}",Condo,NaN,159
NaN,Manufactured,NaN,160
"{""architectureType"": ""Ranch"", ""cooling"": true, ""coolingType"": ""Central"", ""exteriorType"": ""Stucco"", ""floorCount"": 1, ""garage"": true, ""garageType"": ""Attached"", ""heating"": true, ""heatingType"": ""Forced Air"", ""roofType"": ""Tile"", ""unitCount"": 1}",Single Family,"""R1-D""",161
"{""architectureType"": ""Split Level"", ""cooling"": true, ""coolingType"": ""Central"", ""exteriorType"": ""Frame Brick"", ""fireplace"": true, ""floorCount"": 2, ""garage"": true, ""garageSpaces"": 2, ""garageType"": ""Attached"", ""heating"": true, ""heatingType"": ""Heat Pump"", ""roomCount"": 7}",Single Family,NaN,162
"{""architectureType"": ""Modular"", ""exteriorType"": ""Aluminum / Vinyl Siding"", ""floorCount"": 1, ""foundationType"": ""Pier / Post & Beam"", ""heating"": true, ""heatingType"": ""Forced Air"", ""roofType"": ""Composition Shingle"", ""roomCount"": 7, ""unitCount"": 1}",Manufactured,"""SF-1""",163
"{""cooling"": true, ""coolingType"": ""Commercial"", ""exteriorType"": ""Brick"", ""floorCount"": 1, ""heating"": true, ""heatingType"": ""Forced Air"", ""roofType"": ""Roll Tar & Gravel"", ""roomCount"": 3, ""unitCount"": 1}",Condo,"""R-20(RESIDENTIAL 20 DU/AC""",164
"{""architectureType"": ""Traditional"", ""cooling"": true, ""coolingType"": ""Central"", ""exteriorType"": ""Concrete Block"", ""floorCount"": 1, ""foundationType"": ""Slab / Mat / Raft"", ""garage"": true, ""garageSpaces"": 1, ""garageType"": ""Mixed"", ""heating"": true, ""heatingType"": ""Central"", ""roomCount"": 6, ""unitCount"": 1}",Single Family,NaN,165
"{""cooling"": true, ""coolingType"": ""Central"", ""exteriorType"": ""Brick Veneer"", ""floorCount"": 1, ""foundationType"": ""Slab / Mat / Raft"", ""garage"": true, ""garageSpaces"": 2, ""garageType"": ""Garage"", ""heating"": true, ""heatingType"": ""Forced Air"", ""roofType"": ""Shingle"", ""unitCount"": 1}",Single Family,NaN,166
"{""cooling"": true, ""coolingType"": ""Central"", ""floorCount"": 1, ""garage"": true, ""garageType"": ""Detached"", ""heating"": true, ""heatingType"": ""Central"", ""roofType"": ""Composition Shingle"", ""roomCount"": 4, ""unitCount"": 1}",Single Family,NaN,167
"{""cooling"": true, ""coolingType"": ""Central"", ""exteriorType"": ""Wood"", ""fireplace"": true, ""fireplaceType"": ""Prefab"", ""floorCount"": 2, ""garage"": true, ""garageType"": ""Attached"", ""heating"": true, ""heatingType"": ""Forced Air"", ""roomCount"": 10, ""unitCount"": 1}",Single Family,"""R1SL SINGLE FAMILY""",168
"{""cooling"": true, ""coolingType"": ""Central"", ""exteriorType"": ""Aluminum / Vinyl Siding"", ""fireplace"": true, ""floorCount"": 2, ""garage"": true, ""garageType"": ""Attached"", ""heating"": true, ""heatingType"": ""Central"", ""roomCount"": 9, ""unitCount"": 1}",Single Family,"""S""",169
"{""architectureType"": ""Mobile Home"", ""exteriorType"": ""Composition"", ""floorCount"": 1, ""foundationType"": ""Concrete"", ""roofType"": ""Roll Composition"", ""unitCount"": 1}",Manufactured,NaN,170
"{""architectureType"": ""Townhouse"", ""fireplace"": true, ""floorCount"": 2, ""garage"": true, ""garageType"": ""Attached"", ""heating"": true, ""heatingType"": ""Forced Air"", ""unitCount"": 1}",Single Family,NaN,171
"{""cooling"": true, ""coolingType"": ""Central"", ""exteriorType"": ""Brick Veneer"", ""fireplace"": true, ""floorCount"": 1, ""foundationType"": ""Slab / Mat / Raft"", ""garage"": true, ""garageSpaces"": 2, ""garageType"": ""Attached"", ""heating"": true, ""heatingType"": ""Central"", ""roofType"": ""Composition Shingle"", ""unitCount"": 1}",Single Family,"""Z294""",172
"{""architectureType"": ""Condo / Apartment"", ""unitCount"": 1}",Condo,"""RM-17.3U""",173
"{""architectureType"": ""Condo / Apartment"", ""cooling"": true, ""coolingType"": ""Central"", ""exteriorType"": ""Brick Veneer"", ""fireplace"": true, ""floorCount"": 2, ""foundationType"": ""Slab / Mat / Raft"", ""heating"": true, ""heatingType"": ""Central"", ""roofType"": ""Composition Shingle"", ""unitCount"": 1}",Condo,"""Z163""",174
"{""architectureType"": ""Ranch"", ""cooling"": true, ""coolingType"": ""Central"", ""exteriorType"": ""Brick Veneer"", ""fireplace"": true, ""fireplaceType"": ""Single"", ""floorCount"": 1, ""foundationType"": ""Footing"", ""garage"": true, ""garageType"": ""Detached"", ""heating"": true, ""heatingType"": ""Forced Air"", ""roofType"": ""Wood Shingle"", ""unitCount"": 1}",Single Family,"""R-40""",175
"{""floorCount"": 2, ""heating"": true, ""heatingType"": ""Forced Air"", ""unitCount"": 1}",Single Family,"""R6""",176
"{""cooling"": true, ""coolingType"": ""Central"", ""exteriorType"": ""Brick"", ""floorCount"": 1, ""foundationType"": ""Block"", ""garage"": true, ""garageSpaces"": 2, ""garageType"": ""Garage"", ""heating"": true, ""heatingType"": ""Heat Pump"", ""roofType"": ""Composition Shingle"", ""roomCount"": 7}",Single Family,"""PLANNED DEVELOPMENT""",177
"{""cooling"": true, ""coolingType"": ""Central"", ""exteriorType"": ""Aluminum / Vinyl Siding"", ""floorCount"": 2, ""garage"": true, ""garageType"": ""Attached"", ""heating"": true, ""heatingType"": ""Central"", ""roomCount"": 7, ""unitCount"": 1}",Single Family,"""R2""",178
"{""cooling"": true, ""coolingType"": ""Package"", ""exteriorType"": ""Concrete Block"", ""floorCount"": 1, ""foundationType"": ""Footing"", ""garage"": true, ""garageType"": ""Garage"", ""heating"": true, ""roofType"": ""Composition Shingle""}",Single Family,NaN,179
"{""architectureType"": ""Townhouse"", ""cooling"": true, ""coolingType"": ""Commercial"", ""exteriorType"": ""Aluminum / Vinyl Siding"", ""floorCount"": 2, ""garage"": true, ""garageSpaces"": 1, ""garageType"": ""Attached"", ""heating"": true, ""heatingType"": ""Forced Air"", ""roofType"": ""Composition Shingle"", ""roomCount"": 6, ""unitCount"": 1}",Single Family,"""VR""",180
"{""cooling"": true, ""coolingType"": ""Commercial"", ""exteriorType"": ""Brick"", ""fireplace"": true, ""floorCount"": 2, ""foundationType"": ""Pier / Post & Beam"", ""heating"": true, ""heatingType"": ""Forced Air"", ""unitCount"": 1}",Single Family,NaN,181
"{""architectureType"": ""Split Level"", ""cooling"": true, ""coolingType"": ""Central"", ""exteriorType"": ""Stucco"", ""fireplace"": true, ""floorCount"": 2, ""garage"": true, ""garageSpaces"": 2, ""garageType"": ""Basement"", ""heating"": true, ""heatingType"": ""Heat Pump"", ""roomCount"": 8, ""unitCount"": 1}",Single Family,NaN,182
"{""architectureType"": ""Conventional"", ""floorCount"": 1, ""garage"": true, ""garageSpaces"": 1, ""garageType"": ""Garage"", ""heating"": true, ""heatingType"": ""Floor / Wall"", ""roomCount"": 8, ""unitCount"": 1}",Single Family,"""LCA106""",183
"{""architectureType"": ""Conventional"", ""cooling"": true, ""coolingType"": ""Commercial"", ""floorCount"": 1, ""heating"": true, ""heatingType"": ""Package"", ""roomCount"": 5, ""unitCount"": 1}",Single Family,"""RS-10""",184
"{""architectureType"": ""Other"", ""cooling"": true, ""coolingType"": ""Central"", ""exteriorType"": ""Aluminum / Vinyl Siding"", ""floorCount"": 1, ""foundationType"": ""Pier / Post & Beam"", ""garage"": true, ""garageSpaces"": 1, ""garageType"": ""Detached"", ""heating"": true, ""heatingType"": ""Forced Air"", ""roofType"": ""Metal"", ""roomCount"": 4, ""unitCount"": 1}",Single Family,NaN,185
"{""architectureType"": ""Condo / Apartment"", ""cooling"": true, ""coolingType"": ""Central"", ""fireplace"": true, ""floorCount"": 1, ""garage"": true, ""garageSpaces"": 2, ""garageType"": ""Attached"", ""heating"": true, ""heatingType"": ""Central"", ""roofType"": ""Tile"", ""unitCount"": 1}",Condo,NaN,186
"{""cooling"": true, ""coolingType"": ""Commercial"", ""exteriorType"": ""Aluminum / Vinyl Siding"", ""fireplace"": true, ""floorCount"": 2, ""foundationType"": ""Other"", ""garage"": true, ""garageType"": ""Attached"", ""heating"": true, ""heatingType"": ""Forced Air"", ""roofType"": ""Asphalt"", ""roomCount"": 10, ""unitCount"": 1}",Single Family,"""R15S: RESIDENTIAL""",187
"{""exteriorType"": ""Wood Shingle"", ""floorCount"": 1, ""foundationType"": ""Other"", ""garage"": true, ""garageType"": ""Attached"", ""heating"": true, ""roofType"": ""Composition Shingle"", ""unitCount"": 1}",Single Family,"""R1-LOW-DENSITY RES""",188
"{""architectureType"": ""Other"", ""cooling"": true, ""coolingType"": ""Central"", ""exteriorType"": ""Combination"", ""fireplace"": true, ""floorCount"": 2, ""foundationType"": ""Slab / Mat / Raft"", ""garage"": true, ""garageSpaces"": 2, ""garageType"": ""Attached"", ""heating"": true, ""heatingType"": ""Forced Air"", ""roofType"": ""Asphalt"", ""roomCount"": 8, ""unitCount"": 1}",Single Family,NaN,189
"{""architectureType"": ""Ranch"", ""cooling"": true, ""coolingType"": ""Central"", ""exteriorType"": ""Aluminum / Vinyl Siding"", ""fireplace"": true, ""floorCount"": 1, ""garage"": true, ""garageType"": ""Detached"", ""heating"": true, ""heatingType"": ""Forced Air"", ""roomCount"": 5, ""unitCount"": 1}",Single Family,"""R1""",190
"{""cooling"": true, ""coolingType"": ""Central"", ""floorCount"": 3, ""foundationType"": ""Slab / Mat / Raft"", ""garage"": true, ""garageSpaces"": 2, ""garageType"": ""Attached"", ""roomCount"": 6, ""exteriorType"": ""Wood""}",Single Family,"""SP""",191
"{""cooling"": true, ""coolingType"": ""Commercial"", ""exteriorType"": ""Other"", ""fireplace"": true, ""fireplaceType"": ""2 Story"", ""floorCount"": 2, ""foundationType"": ""Stone"", ""garage"": true, ""garageSpaces"": 3, ""garageType"": ""Detached"", ""heating"": true, ""heatingType"": ""Forced Air"", ""roofType"": ""Composition Shingle"", ""roomCount"": 6, ""unitCount"": 1, ""architectureType"": ""Old Style""}",Single Family,NaN,192
"{""exteriorType"": ""Brick"", ""fireplace"": true, ""fireplaceType"": ""Single"", ""floorCount"": 2, ""garage"": true, ""garageSpaces"": 1, ""garageType"": ""Detached"", ""heating"": true, ""heatingType"": ""Hot Water"", ""roofType"": ""Asphalt""}",Single Family,"""R1""",193
"{""exteriorType"": ""Other"", ""garage"": true, ""garageSpaces"": 1, ""garageType"": ""Garage"", ""heating"": true, ""heatingType"": ""Heat Pump"", ""roofType"": ""Shingle (Not Wood)"", ""roomCount"": 6}",Single Family,NaN,194
"{""cooling"": true, ""coolingType"": ""Central"", ""floorCount"": 1, ""foundationType"": ""Slab / Mat / Raft"", ""garage"": true, ""garageSpaces"": 2, ""garageType"": ""Mixed"", ""heating"": true, ""heatingType"": ""Central"", ""roofType"": ""Composition Shingle"", ""exteriorType"": ""Brick""}",Single Family,NaN,195
"{""cooling"": true, ""coolingType"": ""Commercial"", ""exteriorType"": ""Wood"", ""fireplace"": true, ""floorCount"": 1, ""garage"": true, ""garageType"": ""Garage""}",Single Family,NaN,196
"{""architectureType"": ""European"", ""cooling"": true, ""coolingType"": ""Central""}",Manufactured,"""B""",197
"{""architectureType"": ""Single Story"", ""exteriorType"": ""Siding"", ""floorCount"": 1, ""foundationType"": ""Slab / Mat / Raft"", ""garage"": true, ""garageType"": ""Detached"", ""heating"": true, ""heatingType"": ""Baseboard"", ""roofType"": ""Composition Shingle"", ""unitCount"": 1}",Single Family,"""R2-SRD""",198
"{""architectureType"": ""Conventional"", ""cooling"": true, ""exteriorType"": ""Aluminum / Vinyl Siding"", ""fireplace"": true, ""fireplaceType"": ""Gas Log"", ""floorCount"": 4, ""garage"": true, ""garageType"": ""Attached"", ""heating"": true, ""heatingType"": ""Steam"", ""unitCount"": 1}",Condo,"""BMUD""",199
"{""architectureType"": ""Conventional"", ""cooling"": true, ""coolingType"": ""Commercial"", ""exteriorType"": ""Brick Veneer"", ""fireplace"": true, ""floorCount"": 2, ""foundationType"": ""Other"", ""garage"": true, ""garageSpaces"": 2, ""garageType"": ""Attached"", ""heating"": true, ""heatingType"": ""Forced Air"", ""pool"": true, ""roofType"": ""Shingle"", ""roomCount"": 7, ""unitCount"": 1}",Single Family,"""PD""",200
"{""architectureType"": ""Townhouse"", ""cooling"": true, ""coolingType"": ""Central"", ""exteriorType"": ""Wood"", ""fireplace"": true, ""fireplaceType"": ""Prefab"", ""floorCount"": 2, ""garage"": true, ""garageSpaces"": 1, ""garageType"": ""Basement"", ""heating"": true, ""heatingType"": ""Forced Air"", ""roomCount"": 7, ""unitCount"": 1}",Single Family,"""R4""",201
"{""architectureType"": ""Conventional"", ""cooling"": true, ""coolingType"": ""Central"", ""exteriorType"": ""Brick Veneer"", ""fireplace"": true, ""fireplaceType"": ""Prefab"", ""floorCount"": 2, ""foundationType"": ""Slab / Mat / Raft"", ""garage"": true, ""garageType"": ""Attached"", ""heating"": true, ""heatingType"": ""Central"", ""roofType"": ""Composition Shingle"", ""unitCount"": 1}",Single Family,"""6""",202
"{""cooling"": true, ""coolingType"": ""Central"", ""exteriorType"": ""Stucco"", ""floorCount"": 1, ""foundationType"": ""Slab / Mat / Raft"", ""roofType"": ""Composition Shingle"", ""unitCount"": 1}",Single Family,"""RS-8""",203
"{""cooling"": true, ""coolingType"": ""Central"", ""exteriorType"": ""Wood"", ""fireplace"": true, ""fireplaceType"": ""Single"", ""floorCount"": 1, ""foundationType"": ""Pier"", ""garage"": true, ""garageType"": ""Attached Garage"", ""heating"": true, ""heatingType"": ""Central"", ""roofType"": ""Shingle (Not Wood)"", ""unitCount"": 1}",Single Family,NaN,204
"{""architectureType"": ""Ranch"", ""cooling"": true, ""coolingType"": ""Central"", ""exteriorType"": ""Brick"", ""fireplace"": true, ""floorCount"": 1, ""foundationType"": ""Slab / Mat / Raft"", ""garage"": true, ""garageType"": ""Attached"", ""heating"": true, ""heatingType"": ""Central"", ""roofType"": ""Roll Composition"", ""roomCount"": 8, ""unitCount"": 1}",Single Family,NaN,205
"{""architectureType"": ""Conventional"", ""cooling"": true, ""coolingType"": ""Commercial"", ""exteriorType"": ""Aluminum / Vinyl Siding"", ""fireplace"": true, ""floorCount"": 1, ""garage"": true, ""garageType"": ""Garage"", ""heating"": true, ""heatingType"": ""Baseboard"", ""roofType"": ""Composition Shingle"", ""unitCount"": 1}",Single Family,"""R5""",206
"{""architectureType"": ""Row End or Row Middle"", ""cooling"": true, ""coolingType"": ""Central"", ""fireplace"": true, ""floorCount"": 2, ""garage"": true, ""garageType"": ""Attached"", ""heating"": true, ""heatingType"": ""Central"", ""roofType"": ""Asphalt"", ""roomCount"": 5}",Condo,NaN,207
"{""architectureType"": ""Duplex"", ""exteriorType"": ""Metal"", ""floorCount"": 3, ""garage"": true, ""garageType"": ""Detached"", ""heating"": true, ""heatingType"": ""Forced Air"", ""roofType"": ""Asphalt"", ""roomCount"": 8, ""unitCount"": 2}",Multi-Family,"""R2B""",208
"{""fireplace"": true, ""floorCount"": 1, ""garage"": true, ""garageSpaces"": 2, ""garageType"": ""Garage"", ""heating"": true, ""roomCount"": 5, ""unitCount"": 1}",Single Family,"""SF""",209
"{""cooling"": true, ""coolingType"": ""Central"", ""exteriorType"": ""Brick"", ""fireplace"": true, ""fireplaceType"": ""Single"", ""floorCount"": 1, ""foundationType"": ""Raised"", ""heating"": true, ""heatingType"": ""Forced Air"", ""roofType"": ""Asphalt"", ""unitCount"": 1}",Single Family,"""R-5""",210
"{""cooling"": true, ""coolingType"": ""Central"", ""exteriorType"": ""Siding"", ""floorCount"": 1, ""foundationType"": ""Slab"", ""garage"": true, ""garageSpaces"": 3, ""garageType"": ""Detached"", ""heating"": true, ""heatingType"": ""Forced Air"", ""pool"": true, ""poolType"": ""Above-Ground Pool"", ""roofType"": ""Composition Shingle"", ""roomCount"": 5, ""unitCount"": 1}",Single Family,NaN,211
"{""architectureType"": ""Ranch"", ""cooling"": true, ""coolingType"": ""Commercial"", ""exteriorType"": ""Brick"", ""floorCount"": 1, ""foundationType"": ""Slab / Mat / Raft"", ""heating"": true, ""heatingType"": ""Forced Air"", ""roofType"": ""Composition Shingle"", ""roomCount"": 7, ""unitCount"": 1}",Single Family,"""R-3C""",212
"{""floorCount"": 3}",Apartment,"""MG""",213
"{""exteriorType"": ""Vinyl"", ""garage"": true, ""garageType"": ""Carport"", ""heating"": true, ""heatingType"": ""Gas"", ""roofType"": ""Composition Shingle"", ""roomCount"": 6}",Single Family,NaN,214
"{""architectureType"": ""Conventional"", ""cooling"": true, ""coolingType"": ""Central"", ""exteriorType"": ""Brick Veneer"", ""fireplace"": true, ""fireplaceType"": ""Single"", ""floorCount"": 2, ""foundationType"": ""Slab / Mat / Raft"", ""garage"": true, ""garageSpaces"": 1, ""garageType"": ""Attached"", ""heating"": true, ""heatingType"": ""Central"", ""roofType"": ""Composition Shingle"", ""unitCount"": 1}",Single Family,NaN,215
"{""architectureType"": ""Condo / Apartment"", ""cooling"": true, ""coolingType"": ""Commercial"", ""fireplace"": true, ""floorCount"": 2, ""foundationType"": ""Slab / Mat / Raft"", ""garage"": true, ""garageSpaces"": 2, ""garageType"": ""Mixed"", ""heating"": true, ""heatingType"": ""Central"", ""roofType"": ""Composition Shingle"", ""unitCount"": 1}",Single Family,NaN,216
"{""architectureType"": ""Conventional"", ""exteriorType"": ""Siding"", ""floorCount"": 1, ""garage"": true, ""garageSpaces"": 2, ""garageType"": ""Attached"", ""heating"": true, ""heatingType"": ""Baseboard"", ""roomCount"": 5, ""unitCount"": 1}",Single Family,NaN,217
"{""architectureType"": ""Cape Cod"", ""exteriorType"": ""Aluminum / Vinyl Siding"", ""floorCount"": 2, ""heating"": true, ""heatingType"": ""Forced Air"", ""roofType"": ""Asphalt"", ""roomCount"": 6, ""unitCount"": 2}",Single Family,"""RS-4""",218
"{""architectureType"": ""Modern"", ""cooling"": true, ""coolingType"": ""Central"", ""fireplace"": true, ""floorCount"": 2, ""garage"": true, ""garageSpaces"": 3, ""garageType"": ""Attached"", ""heating"": true, ""heatingType"": ""Central"", ""roofType"": ""Tile"", ""roomCount"": 9, ""unitCount"": 1}",Single Family,NaN,219
"{""cooling"": true, ""coolingType"": ""Central"", ""exteriorType"": ""Combination"", ""fireplace"": true, ""floorCount"": 1, ""foundationType"": ""Slab / Mat / Raft"", ""garage"": true, ""garageType"": ""Attached"", ""heating"": true, ""heatingType"": ""Central"", ""roofType"": ""Composition Shingle""}",Single Family,NaN,220
"{""architectureType"": ""Two Family"", ""cooling"": true, ""coolingType"": ""Central"", ""exteriorType"": ""Wood"", ""floorCount"": 1, ""foundationType"": ""Slab"", ""garage"": true, ""garageType"": ""Garage"", ""roofType"": ""Asphalt"", ""unitCount"": 1}",Apartment,NaN,221
"{""cooling"": true, ""coolingType"": ""Refrigeration"", ""exteriorType"": ""Wood"", ""floorCount"": 1, ""garage"": true, ""garageSpaces"": 2, ""garageType"": ""Garage"", ""heating"": true, ""heatingType"": ""Forced Air"", ""roofType"": ""Tile"", ""roomCount"": 6}",Single Family,NaN,222
"{""architectureType"": ""Conventional"", ""floorCount"": 1, ""garage"": true, ""garageSpaces"": 1, ""garageType"": ""Garage"", ""heating"": true, ""heatingType"": ""Central"", ""pool"": true, ""roomCount"": 7, ""unitCount"": 1}",Single Family,"""LMR1*""",223
"{""cooling"": true, ""coolingType"": ""Central"", ""exteriorType"": ""Brick / Stone"", ""floorCount"": 1, ""foundationType"": ""Pier / Post & Beam"", ""heating"": true, ""heatingType"": ""Central"", ""roofType"": ""Asphalt""}",Single Family,NaN,224
"{""cooling"": true, ""coolingType"": ""Central"", ""exteriorType"": ""Brick"", ""floorCount"": 1, ""foundationType"": ""Slab / Mat / Raft"", ""garage"": true, ""garageSpaces"": 1, ""garageType"": ""Mixed"", ""heating"": true, ""heatingType"": ""Central"", ""roofType"": ""Composition Shingle"", ""unitCount"": 1}",Single Family,NaN,225
"{""architectureType"": ""Bungalow"", ""cooling"": true, ""coolingType"": ""Central"", ""exteriorType"": ""Brick / Stone"", ""floorCount"": 2, ""garage"": true, ""garageType"": ""Garage"", ""roofType"": ""Shingle"", ""unitCount"": 1}",Single Family,NaN,226
"{""architectureType"": ""Split Level"", ""cooling"": true, ""coolingType"": ""Commercial"", ""exteriorType"": ""Aluminum / Vinyl Siding"", ""fireplace"": true, ""foundationType"": ""Block"", ""garage"": true, ""garageType"": ""Mixed"", ""heating"": true, ""heatingType"": ""Forced Air"", ""roofType"": ""Shingle"", ""roomCount"": 7, ""unitCount"": 1}",Single Family,"""R-3A""",227
"{""architectureType"": ""Conventional"", ""cooling"": true, ""coolingType"": ""Commercial"", ""exteriorType"": ""Brick"", ""fireplace"": true, ""floorCount"": 1, ""garage"": true, ""garageType"": ""Garage"", ""heating"": true, ""heatingType"": ""Forced Air"", ""roofType"": ""Composition Shingle"", ""unitCount"": 1}",Single Family,NaN,228
"{""architectureType"": ""Condo / Apartment"", ""garage"": true, ""garageType"": ""Garage"", ""roomCount"": 6, ""unitCount"": 1}",Condo,NaN,229
"{""cooling"": true, ""coolingType"": ""Central"", ""exteriorType"": ""Aluminum / Vinyl Siding"", ""fireplace"": true, ""floorCount"": 2, ""garage"": true, ""garageSpaces"": 3, ""garageType"": ""Garage"", ""heating"": true, ""heatingType"": ""Forced Air"", ""roomCount"": 11, ""unitCount"": 1}",Single Family,NaN,230
"{""exteriorType"": ""Concrete Block"", ""floorCount"": 1, ""garage"": true, ""garageType"": ""Garage"", ""roofType"": ""Other"", ""unitCount"": 1}",Single Family,"""2100:ESTATES,15000 SQ LOT""",231
"{""architectureType"": ""Conventional"", ""cooling"": true, ""coolingType"": ""Central"", ""exteriorType"": ""Aluminum / Vinyl Siding"", ""fireplace"": true, ""floorCount"": 2, ""foundationType"": ""Raised"", ""heating"": true, ""heatingType"": ""Central"", ""unitCount"": 1}",Single Family,"""R&PUD""",232
"{""architectureType"": ""Conventional"", ""exteriorType"": ""Aluminum / Vinyl Siding"", ""fireplace"": true, ""fireplaceType"": ""Single"", ""floorCount"": 2, ""garage"": true, ""garageType"": ""Attached"", ""heating"": true, ""heatingType"": ""Forced Air"", ""roofType"": ""Composition Shingle"", ""unitCount"": 1}",Single Family,"""R-18 : CLK""",233
"{""viewType"": ""Lake / Pond""}",Single Family,"""RPD""",234
"{""cooling"": true, ""coolingType"": ""Refrigeration"", ""exteriorType"": ""Stucco"", ""floorCount"": 1, ""garage"": true, ""garageSpaces"": 5, ""garageType"": ""Mixed"", ""heating"": true, ""heatingType"": ""Forced Air"", ""roofType"": ""Built-up (Layered Asphalt)"", ""roomCount"": 5, ""unitCount"": 1}",Single Family,NaN,235
"{""architectureType"": ""Conventional"", ""cooling"": true, ""coolingType"": ""Commercial"", ""exteriorType"": ""Brick"", ""fireplace"": true, ""floorCount"": 2, ""garage"": true, ""garageType"": ""Attached"", ""heating"": true, ""heatingType"": ""Radiant"", ""roofType"": ""Composition Shingle"", ""unitCount"": 1}",Single Family,"""R200""",236
"{""cooling"": true, ""coolingType"": ""Central"", ""exteriorType"": ""Brick"", ""floorCount"": 1, ""heating"": true, ""heatingType"": ""Central"", ""roomCount"": 7}",Single Family,NaN,237
"{""floorCount"": 1, ""garage"": true, ""garageSpaces"": 1, ""garageType"": ""Garage"", ""roomCount"": 5, ""unitCount"": 1}",Single Family,NaN,238
"{""architectureType"": ""Ranch"", ""cooling"": true, ""coolingType"": ""Commercial"", ""exteriorType"": ""Brick"", ""fireplace"": true, ""floorCount"": 1, ""foundationType"": ""Concrete"", ""garage"": true, ""garageType"": ""Detached"", ""heating"": true, ""heatingType"": ""Forced Air"", ""roomCount"": 5, ""unitCount"": 1}",Single Family,"""R1C""",239
"{""cooling"": true, ""coolingType"": ""Central"", ""exteriorType"": ""Brick"", ""floorCount"": 1, ""foundationType"": ""Masonry"", ""garage"": true, ""garageSpaces"": 2, ""garageType"": ""Garage"", ""heating"": true, ""heatingType"": ""Forced Air"", ""roofType"": ""Shingle"", ""unitCount"": 1}",Single Family,"""R1""",240
"{""architectureType"": ""Historical"", ""exteriorType"": ""Aluminum / Vinyl Siding"", ""floorCount"": 2, ""heating"": true, ""heatingType"": ""Hot Water"", ""roofType"": ""Asphalt"", ""roomCount"": 5, ""unitCount"": 2}",Single Family,"""RC""",241
"{""architectureType"": ""Cape Cod"", ""exteriorType"": ""Shingle"", ""fireplace"": true, ""floorCount"": 2, ""garage"": true, ""garageSpaces"": 1, ""garageType"": ""Basement"", ""heating"": true, ""heatingType"": ""Forced Air"", ""roofType"": ""Shingle"", ""roomCount"": 7, ""unitCount"": 1}",Single Family,"""R-6""",242
"{""architectureType"": ""Bungalow"", ""exteriorType"": ""Aluminum / Vinyl Siding"", ""floorCount"": 2, ""garage"": true, ""garageSpaces"": 2, ""garageType"": ""Detached"", ""heating"": true, ""heatingType"": ""Forced Air"", ""roofType"": ""Asphalt"", ""roomCount"": 4, ""unitCount"": 1}",Single Family,"""RSF-M""",243
"{""architectureType"": ""Conventional"", ""cooling"": true, ""coolingType"": ""Central"", ""exteriorType"": ""Wood"", ""fireplace"": true, ""floorCount"": 2, ""foundationType"": ""Raised"", ""garage"": true, ""garageType"": ""Garage"", ""heating"": true, ""heatingType"": ""Central"", ""unitCount"": 1}",Single Family,"""R-30""",244
"{""cooling"": true, ""coolingType"": ""Commercial"", ""floorCount"": 2, ""foundationType"": ""Slab / Mat / Raft"", ""garage"": true, ""garageSpaces"": 2, ""garageType"": ""Attached"", ""heating"": true, ""heatingType"": ""Central"", ""roofType"": ""Composition Shingle"", ""unitCount"": 1}",Single Family,NaN,245
"{""architectureType"": ""Conventional"", ""cooling"": true, ""coolingType"": ""Commercial"", ""exteriorType"": ""Brick Veneer"", ""fireplace"": true, ""floorCount"": 1, ""foundationType"": ""Masonry"", ""garage"": true, ""garageType"": ""Garage"", ""heating"": true, ""heatingType"": ""Forced Air"", ""roofType"": ""Composition Shingle"", ""unitCount"": 1}",Single Family,NaN,246
"{""exteriorType"": ""Brick Veneer"", ""fireplace"": true, ""floorCount"": 1, ""foundationType"": ""Block"", ""garage"": true, ""garageType"": ""Attached"", ""heating"": true, ""heatingType"": ""Heat Pump"", ""roofType"": ""Composition Shingle"", ""roomCount"": 6}",Single Family,"""RH HIGH/MED DENSITY RES""",247
"{""architectureType"": ""Condo / Apartment"", ""cooling"": true, ""coolingType"": ""Commercial"", ""heating"": true, ""heatingType"": ""Central"", ""unitCount"": 1}",Single Family,"""POOH*""",248
"{""cooling"": true, ""coolingType"": ""Central"", ""exteriorType"": ""Brick Veneer"", ""floorCount"": 1, ""foundationType"": ""Other"", ""garage"": true, ""garageType"": ""Carport"", ""heating"": true, ""heatingType"": ""Central"", ""roofType"": ""Asphalt"", ""unitCount"": 1}",Single Family,NaN,249
"{""unitCount"": 6}",Apartment,"""R-3:RESTRICTED MULTIPLE""",250
"{""architectureType"": ""Modern"", ""fireplace"": true, ""floorCount"": 1, ""garage"": true, ""garageSpaces"": 2, ""garageType"": ""Attached"", ""heating"": true, ""heatingType"": ""Central"", ""roofType"": ""Composition Shingle"", ""roomCount"": 7, ""unitCount"": 1}",Single Family,NaN,251
"{""architectureType"": ""Split Level"", ""cooling"": true, ""coolingType"": ""Central"", ""exteriorType"": ""Wood"", ""fireplace"": true, ""fireplaceType"": ""Prefab"", ""floorCount"": 2, ""garage"": true, ""garageSpaces"": 2, ""garageType"": ""Attached"", ""heating"": true, ""heatingType"": ""Heat Pump"", ""roomCount"": 6, ""unitCount"": 1}",Single Family,NaN,252
"{""architectureType"": ""Old Style"", ""cooling"": true, ""coolingType"": ""Central"", ""exteriorType"": ""Brick / Stone"", ""fireplace"": true, ""floorCount"": 1, ""foundationType"": ""Block"", ""heating"": true, ""heatingType"": ""Forced Air"", ""roofType"": ""Composition Shingle"", ""unitCount"": 1}",Single Family,"""RSF-2""",253
"{""exteriorType"": ""Stucco"", ""floorCount"": 1, ""heating"": true, ""cooling"": true, ""coolingType"": ""Refrigeration""}",Single Family,"""PAD""",254
"{""exteriorType"": ""Shingle"", ""floorCount"": 2, ""heating"": true, ""heatingType"": ""Forced Air"", ""roomCount"": 11}",Multi-Family,"""RD""",255
"{""architectureType"": ""Conventional"", ""cooling"": true, ""coolingType"": ""Commercial"", ""floorCount"": 1, ""garage"": true, ""garageSpaces"": 1, ""garageType"": ""Garage"", ""heating"": true, ""heatingType"": ""Central"", ""roomCount"": 6, ""unitCount"": 1}",Single Family,"""LBR1N""",256
"{""architectureType"": ""Ranch"", ""cooling"": true, ""coolingType"": ""Central"", ""exteriorType"": ""Brick"", ""fireplace"": true, ""floorCount"": 1, ""heating"": true, ""heatingType"": ""Central"", ""roomCount"": 7, ""unitCount"": 1}",Single Family,"""R1A""",257
"{""exteriorType"": ""Brick"", ""fireplace"": true, ""fireplaceType"": ""Single"", ""floorCount"": 1, ""garage"": true, ""garageSpaces"": 1, ""garageType"": ""Basement"", ""heating"": true, ""heatingType"": ""Central"", ""roomCount"": 5, ""unitCount"": 1}",Single Family,NaN,258
"{""cooling"": true, ""coolingType"": ""Commercial"", ""exteriorType"": ""Other"", ""fireplace"": true, ""floorCount"": 1, ""garage"": true, ""garageType"": ""Garage"", ""heating"": true, ""heatingType"": ""Forced Air"", ""roofType"": ""Asphalt"", ""roomCount"": 6, ""unitCount"": 1}",Single Family,"""GC""",259
"{""cooling"": true, ""coolingType"": ""Commercial"", ""exteriorType"": ""Stucco"", ""floorCount"": 1, ""foundationType"": ""Other"", ""garage"": true, ""garageType"": ""Mixed"", ""heating"": true, ""roofType"": ""Tile"", ""unitCount"": 1}",Single Family,"""A5""",260
"{""cooling"": true, ""coolingType"": ""Central"", ""exteriorType"": ""Brick"", ""fireplace"": true, ""floorCount"": 2, ""foundationType"": ""Slab / Mat / Raft"", ""garage"": true, ""garageType"": ""Attached"", ""heating"": true, ""heatingType"": ""Central"", ""roofType"": ""Composition Shingle"", ""roomCount"": 9, ""unitCount"": 1}",Single Family,NaN,261
"{""floorCount"": 1}",Single Family,NaN,262
"{""architectureType"": ""Cape Cod"", ""cooling"": true, ""coolingType"": ""Central"", ""exteriorType"": ""Brick"", ""fireplace"": true, ""floorCount"": 1, ""garage"": true, ""garageSpaces"": 2, ""garageType"": ""Basement"", ""heating"": true, ""heatingType"": ""Forced Air"", ""roomCount"": 7, ""unitCount"": 1, ""foundationType"": ""Raised""}",Single Family,"""32R3""",263
"{""cooling"": true, ""coolingType"": ""Central"", ""exteriorType"": ""Brick"", ""fireplace"": true, ""floorCount"": 1, ""foundationType"": ""Slab / Mat / Raft"", ""garage"": true, ""garageType"": ""Attached"", ""heating"": true, ""heatingType"": ""Central"", ""roomCount"": 6, ""unitCount"": 1}",Single Family,NaN,264
"{""architectureType"": ""A-Frame"", ""cooling"": true, ""coolingType"": ""Central"", ""exteriorType"": ""Asbestos Shingle"", ""floorCount"": 2, ""foundationType"": ""Stone"", ""garage"": true, ""garageSpaces"": 2, ""garageType"": ""Detached"", ""heating"": true, ""heatingType"": ""Forced Air"", ""roofType"": ""Asphalt"", ""roomCount"": 6}",Single Family,NaN,265
"{""architectureType"": ""Cape Cod"", ""exteriorType"": ""Aluminum / Vinyl Siding"", ""floorCount"": 2, ""garage"": true, ""garageSpaces"": 1, ""garageType"": ""Detached"", ""heating"": true, ""heatingType"": ""Forced Air"", ""roofType"": ""Asphalt"", ""roomCount"": 6, ""unitCount"": 1}",Single Family,"""R1-50""",266
"{""floorCount"": 1, ""garage"": true, ""garageType"": ""Attached"", ""fireplace"": true}",Single Family,NaN,267
"{""cooling"": true, ""coolingType"": ""Central"", ""fireplace"": true, ""floorCount"": 1, ""garage"": true, ""garageType"": ""Garage"", ""unitCount"": 1}",Single Family,NaN,268
"{""floorCount"": 1, ""cooling"": true, ""coolingType"": ""Central"", ""exteriorType"": ""Brick"", ""fireplace"": true, ""garage"": true, ""garageType"": ""Attached"", ""heating"": true, ""heatingType"": ""Central"", ""roomCount"": 6}",Single Family,NaN,269
"{""architectureType"": ""Mobile Home""}",Manufactured,NaN,270
"{""cooling"": true, ""coolingType"": ""Central"", ""exteriorType"": ""Wood"", ""fireplace"": true, ""floorCount"": 2, ""garage"": true, ""garageSpaces"": 2, ""garageType"": ""Carport"", ""heating"": true, ""heatingType"": ""Central"", ""unitCount"": 1}",Single Family,NaN,271
"{""architectureType"": ""Split Level"", ""exteriorType"": ""Aluminum / Vinyl Siding"", ""fireplace"": true, ""floorCount"": 2, ""garage"": true, ""garageSpaces"": 1, ""garageType"": ""Basement"", ""heating"": true, ""heatingType"": ""Hot Water"", ""roofType"": ""Asphalt"", ""roomCount"": 6, ""unitCount"": 1}",Single Family,"""R-15""",272
"{""cooling"": true, ""coolingType"": ""Central"", ""fireplace"": true, ""floorCount"": 1, ""foundationType"": ""Raised"", ""garage"": true, ""garageSpaces"": 3, ""garageType"": ""Attached"", ""heating"": true, ""heatingType"": ""Central"", ""pool"": true, ""poolType"": ""Above-Ground Pool"", ""roofType"": ""Asphalt"", ""roomCount"": 4}",Single Family,NaN,273
"{""floorCount"": 1, ""garage"": true, ""garageType"": ""Attached""}",Single Family,NaN,274
"{""architectureType"": ""Colonial"", ""cooling"": true, ""coolingType"": ""Commercial"", ""exteriorType"": ""Stucco"", ""fireplace"": true, ""fireplaceType"": ""2 Story"", ""floorCount"": 2, ""garage"": true, ""garageType"": ""Attached"", ""heating"": true, ""heatingType"": ""Forced Air"", ""roofType"": ""Composition Shingle"", ""roomCount"": 8, ""unitCount"": 1}",Single Family,"""SR""",275
"{""exteriorType"": ""Aluminum / Vinyl Siding"", ""floorCount"": 1, ""foundationType"": ""Pier / Post & Beam"", ""roofType"": ""Asphalt"", ""roomCount"": 6}",Single Family,NaN,276
"{""floorCount"": 1, ""garage"": true, ""garageType"": ""Attached"", ""unitCount"": 1}",Single Family,"""R-1-BSM""",277
"{""floorCount"": 3, ""garage"": true, ""garageType"": ""Garage"", ""unitCount"": 1}",Single Family,"""R2""",278
"{""architectureType"": ""Split Level"", ""cooling"": true, ""coolingType"": ""Central"", ""exteriorType"": ""Brick Veneer"", ""floorCount"": 2, ""garage"": true, ""garageType"": ""Attached"", ""heating"": true, ""heatingType"": ""Forced Air"", ""roomCount"": 9, ""unitCount"": 1}",Single Family,"""1112""",279
"{""floorCount"": 2, ""garage"": true, ""garageType"": ""Attached"", ""heating"": true, ""heatingType"": ""Forced Air"", ""roofType"": ""Roll Composition"", ""unitCount"": 1}",Single Family,"""RS""",280
"{""cooling"": true, ""coolingType"": ""Commercial"", ""exteriorType"": ""Other"", ""fireplace"": true, ""floorCount"": 1, ""foundationType"": ""Block"", ""garage"": true, ""garageType"": ""Detached"", ""heating"": true, ""heatingType"": ""Forced Air"", ""unitCount"": 1}",Single Family,NaN,281
"{""architectureType"": ""Condo / Apartment"", ""floorCount"": 2, ""unitCount"": 1}",Condo,"""R5""",282
"{""cooling"": true, ""coolingType"": ""Commercial"", ""exteriorType"": ""Stucco"", ""fireplace"": true, ""floorCount"": 1, ""foundationType"": ""Slab / Mat / Raft"", ""garage"": true, ""garageType"": ""Attached"", ""heating"": true, ""heatingType"": ""Forced Air"", ""pool"": true, ""roofType"": ""Concrete"", ""roomCount"": 5, ""unitCount"": 1}",Single Family,"""RSF2""",283
"{""exteriorType"": ""Brick Veneer"", ""floorCount"": 1, ""foundationType"": ""Slab / Mat / Raft"", ""roomCount"": 8, ""roofType"": ""Shingle""}",Single Family,"""PUD""",284
"{""architectureType"": ""Conventional"", ""cooling"": true, ""coolingType"": ""Commercial"", ""exteriorType"": ""Other"", ""fireplace"": true, ""floorCount"": 2, ""foundationType"": ""Masonry"", ""garage"": true, ""garageType"": ""Attached"", ""heating"": true, ""roofType"": ""Shingle (Not Wood)"", ""roomCount"": 9, ""unitCount"": 1}",Single Family,"""AR""",285
"{""cooling"": true, ""coolingType"": ""Central"", ""exteriorType"": ""Aluminum / Vinyl Siding"", ""fireplace"": true, ""fireplaceType"": ""Prefab"", ""floorCount"": 1, ""foundationType"": ""Other"", ""heating"": true, ""heatingType"": ""Forced Air"", ""roofType"": ""Shingle"", ""unitCount"": 1}",Condo,"""CU-RM-12""",286
"{""fireplace"": true, ""floorCount"": 1, ""garage"": true, ""garageType"": ""Attached"", ""heating"": true}",Single Family,NaN,287
"{""cooling"": true, ""coolingType"": ""Refrigeration"", ""exteriorType"": ""Stucco"", ""floorCount"": 2, ""garage"": true, ""garageSpaces"": 3, ""garageType"": ""Garage"", ""heating"": true, ""heatingType"": ""Forced Air"", ""pool"": true, ""roofType"": ""Other"", ""roomCount"": 9, ""unitCount"": 1}",Single Family,"""M-L""",288
"{""architectureType"": ""Ranch"", ""cooling"": true, ""coolingType"": ""Central"", ""exteriorType"": ""Aluminum / Vinyl Siding"", ""floorCount"": 1, ""heating"": true, ""heatingType"": ""Central"", ""roomCount"": 6, ""unitCount"": 1}",Single Family,"""RS1""",289
"{""cooling"": true, ""coolingType"": ""Commercial"", ""exteriorType"": ""Vinyl"", ""floorCount"": 2, ""foundationType"": ""Brick"", ""garage"": true, ""garageSpaces"": 2, ""garageType"": ""Garage"", ""heating"": true, ""heatingType"": ""Heat Pump"", ""roofType"": ""Composition Shingle"", ""roomCount"": 8}",Single Family,NaN,290
"{""architectureType"": ""Colonial"", ""cooling"": true, ""coolingType"": ""Commercial"", ""exteriorType"": ""Other"", ""fireplace"": true, ""floorCount"": 2, ""garage"": true, ""heating"": true, ""heatingType"": ""Hot Water"", ""roofType"": ""Asphalt"", ""roomCount"": 7, ""unitCount"": 1}",Single Family,"""R1""",291
"{""architectureType"": ""Traditional"", ""cooling"": true, ""coolingType"": ""Central"", ""exteriorType"": ""Brick"", ""floorCount"": 2, ""foundationType"": ""Slab / Mat / Raft"", ""garage"": true, ""garageType"": ""Attached"", ""heating"": true, ""heatingType"": ""Central"", ""roomCount"": 7, ""unitCount"": 1}",Single Family,NaN,292
"{""architectureType"": ""Single Story"", ""cooling"": true, ""coolingType"": ""Central"", ""exteriorType"": ""Stucco"", ""fireplace"": true, ""floorCount"": 1, ""garage"": true, ""garageSpaces"": 1, ""garageType"": ""Attached"", ""heating"": true, ""heatingType"": ""Forced Air"", ""roofType"": ""Composition Shingle"", ""roomCount"": 5, ""unitCount"": 1}",Single Family,NaN,293
"{""architectureType"": ""Raised Ranch"", ""exteriorType"": ""Other"", ""fireplace"": true, ""floorCount"": 1, ""heating"": true, ""heatingType"": ""Hot Water"", ""roofType"": ""Asphalt"", ""roomCount"": 5}",Single Family,"""RES""",294
"{""exteriorType"": ""Concrete Block"", ""floorCount"": 1, ""garage"": true, ""garageType"": ""Garage"", ""pool"": true, ""roofType"": ""Other"", ""unitCount"": 1}",Single Family,"""2100:ESTATES,15000 SQ LOT""",295
"{""architectureType"": ""Condo / Apartment"", ""cooling"": true, ""coolingType"": ""Central"", ""exteriorType"": ""Aluminum / Vinyl Siding"", ""floorCount"": 2, ""garage"": true, ""garageType"": ""Attached Garage"", ""heating"": true, ""heatingType"": ""Central"", ""roofType"": ""Composition Shingle""}",Apartment,NaN,296
"{""architectureType"": ""Bungalow"", ""cooling"": true, ""coolingType"": ""Central"", ""exteriorType"": ""Stucco"", ""floorCount"": 1, ""garage"": true, ""garageSpaces"": 1, ""garageType"": ""Attached"", ""heating"": true, ""heatingType"": ""Central"", ""roofType"": ""Gravel"", ""roomCount"": 7, ""unitCount"": 1, ""viewType"": ""River""}",Single Family,"""RS 5""",297
"{""unitCount"": 1}",Single Family,NaN,298
"{""fireplace"": true, ""fireplaceType"": ""Prefab"", ""floorCount"": 1, ""garage"": true, ""garageType"": ""Attached"", ""unitCount"": 1}",Single Family,"""BERKELEY COUNTY - R1""",299
"{""architectureType"": ""Condo / Apartment"", ""exteriorType"": ""Brick"", ""floorCount"": 2, ""roomCount"": 6, ""unitCount"": 1, ""viewType"": ""Average""}",Townhouse,"""RSA5""",300
"{""cooling"": true, ""coolingType"": ""Commercial"", ""exteriorType"": ""Wood"", ""fireplace"": true, ""fireplaceType"": ""Prefab"", ""floorCount"": 1, ""foundationType"": ""Other"", ""heating"": true, ""heatingType"": ""Forced Air"", ""roofType"": ""Wood Shingle"", ""roomCount"": 6}",Single Family,"""A""",301
"{""exteriorType"": ""Wood"", ""fireplace"": true, ""fireplaceType"": ""Masonry"", ""floorCount"": 2, ""foundationType"": ""Block"", ""garage"": true, ""garageType"": ""Detached"", ""roofType"": ""Asphalt"", ""roomCount"": 5}",Single Family,"""R-2""",302
"{""cooling"": true, ""coolingType"": ""Central"", ""exteriorType"": ""Aluminum / Vinyl Siding"", ""fireplace"": true, ""floorCount"": 2, ""garage"": true, ""garageType"": ""Garage"", ""heating"": true, ""heatingType"": ""Central"", ""roofType"": ""Composition Shingle""}",Single Family,NaN,303
"{""architectureType"": ""Traditional"", ""cooling"": true, ""coolingType"": ""Central"", ""exteriorType"": ""Brick"", ""fireplace"": true, ""fireplaceType"": ""Masonry"", ""floorCount"": 2, ""foundationType"": ""Concrete"", ""garage"": true, ""garageSpaces"": 2, ""garageType"": ""Garage"", ""heating"": true, ""heatingType"": ""Central"", ""unitCount"": 1}",Single Family,"""RM100""",304
"{""exteriorType"": ""Concrete Block"", ""floorCount"": 1, ""pool"": true, ""roofType"": ""Other"", ""unitCount"": 1}",Single Family,"""0800:SGL FAM,1701-1900 SQ""",305
"{""architectureType"": ""Condo / Apartment"", ""unitCount"": 1}",Condo,NaN,306
"{""architectureType"": ""Condo / Apartment"", ""unitCount"": 1}",Townhouse,"""R-1:SINGLE FAM-RES""",307
"{""cooling"": true, ""coolingType"": ""Central"", ""exteriorType"": ""Stucco"", ""fireplace"": true, ""floorCount"": 2, ""garage"": true, ""garageSpaces"": 3, ""garageType"": ""Attached"", ""heating"": true, ""heatingType"": ""Central"", ""roomCount"": 9, ""unitCount"": 1}",Single Family,"""P-D""",308
"{""architectureType"": ""Ranch"", ""exteriorType"": ""Aluminum / Vinyl Siding"", ""fireplace"": true, ""floorCount"": 2, ""foundationType"": ""Raised"", ""garage"": true, ""garageSpaces"": 2, ""garageType"": ""Garage"", ""heating"": true, ""heatingType"": ""Heat Pump"", ""roomCount"": 9, ""unitCount"": 1, ""cooling"": true, ""coolingType"": ""Central""}",Single Family,NaN,309
"{""cooling"": true, ""coolingType"": ""Central"", ""exteriorType"": ""Brick / Stone"", ""fireplace"": true, ""floorCount"": 1, ""foundationType"": ""Other"", ""garage"": true, ""garageType"": ""Attached"", ""heating"": true, ""heatingType"": ""Central"", ""roofType"": ""Composition Shingle""}",Single Family,NaN,310
"{""cooling"": true, ""coolingType"": ""Central"", ""fireplace"": true, ""floorCount"": 1, ""foundationType"": ""Raised"", ""garage"": true, ""garageSpaces"": 1, ""garageType"": ""Carport"", ""heating"": true, ""heatingType"": ""Central"", ""roofType"": ""Asphalt"", ""roomCount"": 10}",Single Family,NaN,311
"{""cooling"": true, ""coolingType"": ""Central"", ""exteriorType"": ""Brick Veneer"", ""fireplace"": true, ""fireplaceType"": ""Prefab"", ""floorCount"": 1, ""foundationType"": ""Other"", ""garage"": true, ""garageType"": ""Garage"", ""heating"": true, ""heatingType"": ""Heat Pump"", ""roofType"": ""Wood"", ""unitCount"": 1}",Single Family,"""RS-40""",312
"{""architectureType"": ""Duplex"", ""floorCount"": 3, ""heating"": true, ""heatingType"": ""Heat Pump"", ""unitCount"": 2}",Single Family,"""NC2-75 (M1)""",313
"{""cooling"": true, ""coolingType"": ""Central"", ""exteriorType"": ""Stucco"", ""floorCount"": 1, ""foundationType"": ""Slab"", ""heating"": true, ""heatingType"": ""Central"", ""roofType"": ""Composition Shingle"", ""unitCount"": 1}",Condo,NaN,314
"{""architectureType"": ""Traditional"", ""cooling"": true, ""coolingType"": ""Central"", ""exteriorType"": ""Aluminum / Vinyl Siding"", ""fireplace"": true, ""floorCount"": 2, ""garage"": true, ""garageSpaces"": 1, ""garageType"": ""Detached"", ""heating"": true, ""heatingType"": ""Central"", ""roomCount"": 9, ""unitCount"": 1}",Single Family,"""R1B""",315
"{""architectureType"": ""Ranch"", ""cooling"": true, ""coolingType"": ""Central"", ""exteriorType"": ""Aluminum / Vinyl Siding"", ""floorCount"": 1, ""foundationType"": ""Raised"", ""heating"": true, ""heatingType"": ""Forced Air"", ""roofType"": ""Composition Shingle"", ""roomCount"": 7, ""unitCount"": 1}",Single Family,"""R-5 SINGLE FAMILY""",316
"{""cooling"": true, ""coolingType"": ""Central"", ""floorCount"": 2, ""foundationType"": ""Slab / Mat / Raft"", ""garage"": true, ""garageType"": ""Garage"", ""heating"": true, ""heatingType"": ""Central"", ""exteriorType"": ""Marblecrete""}",Single Family,NaN,317
"{""architectureType"": ""Ranch"", ""cooling"": true, ""coolingType"": ""Central"", ""exteriorType"": ""Brick"", ""fireplace"": true, ""floorCount"": 1, ""heating"": true, ""heatingType"": ""Central"", ""roofType"": ""Shingle"", ""roomCount"": 9, ""unitCount"": 1}",Single Family,NaN,318
"{""unitCount"": 1}",Single Family,"""B""",319
"{""cooling"": true, ""coolingType"": ""Central"", ""exteriorType"": ""Brick Veneer"", ""fireplace"": true, ""floorCount"": 1, ""foundationType"": ""Slab / Mat / Raft"", ""garage"": true, ""garageType"": ""Attached"", ""heating"": true, ""heatingType"": ""Central"", ""roofType"": ""Composition Shingle"", ""unitCount"": 1}",Single Family,"""Z375""",320
"{""cooling"": true, ""coolingType"": ""Central"", ""exteriorType"": ""Stucco"", ""floorCount"": 1, ""garage"": true, ""garageSpaces"": 1, ""garageType"": ""Carport"", ""heating"": true, ""heatingType"": ""Central"", ""roofType"": ""Composition Shingle"", ""unitCount"": 1}",Single Family,"""RSF-6""",321
"{""architectureType"": ""Old Style"", ""cooling"": true, ""coolingType"": ""Central"", ""exteriorType"": ""Aluminum / Vinyl Siding"", ""fireplace"": true, ""floorCount"": 2, ""foundationType"": ""Other"", ""garage"": true, ""garageSpaces"": 2, ""garageType"": ""Detached"", ""heating"": true, ""heatingType"": ""Central"", ""roofType"": ""Shingle"", ""roomCount"": 7, ""unitCount"": 1}",Single Family,NaN,322
"{""architectureType"": ""Single Story"", ""cooling"": true, ""coolingType"": ""Central"", ""exteriorType"": ""Stucco"", ""fireplace"": true, ""floorCount"": 1, ""garage"": true, ""garageSpaces"": 1, ""garageType"": ""Attached"", ""heating"": true, ""heatingType"": ""Forced Air"", ""roofType"": ""Composition Shingle"", ""roomCount"": 4, ""unitCount"": 1}",Single Family,NaN,323
"{""cooling"": true, ""coolingType"": ""Central"", ""fireplace"": true, ""floorCount"": 1, ""garage"": true, ""garageType"": ""Garage"", ""roomCount"": 6, ""unitCount"": 1}",Single Family,NaN,324
"{""architectureType"": ""Ranch"", ""cooling"": true, ""coolingType"": ""Central"", ""exteriorType"": ""Other"", ""fireplace"": true, ""floorCount"": 1, ""foundationType"": ""Other"", ""garage"": true, ""garageType"": ""Mixed"", ""heating"": true, ""heatingType"": ""Central"", ""roofType"": ""Asphalt"", ""roomCount"": 6, ""unitCount"": 1}",Single Family,"""1""",325
"{""cooling"": true, ""coolingType"": ""Commercial"", ""exteriorType"": ""Other"", ""floorCount"": 1, ""foundationType"": ""Other"", ""garage"": true, ""garageSpaces"": 2, ""garageType"": ""Attached"", ""heating"": true, ""heatingType"": ""Central"", ""roofType"": ""Tile"", ""unitCount"": 1}",Single Family,NaN,326
"{""architectureType"": ""Cape Cod"", ""cooling"": true, ""coolingType"": ""Commercial"", ""exteriorType"": ""Aluminum / Vinyl Siding"", ""fireplace"": true, ""floorCount"": 2, ""foundationType"": ""Slab / Mat / Raft"", ""garage"": true, ""garageType"": ""Attached"", ""heating"": true, ""heatingType"": ""Forced Air"", ""roomCount"": 8, ""unitCount"": 1}",Single Family,"""RSA""",327
"{""exteriorType"": ""Wood"", ""garage"": true, ""garageType"": ""Detached""}",Single Family,NaN,328
"{""cooling"": true, ""coolingType"": ""Central"", ""floorCount"": 1, ""garage"": true, ""garageSpaces"": 2, ""garageType"": ""Garage"", ""heating"": true, ""heatingType"": ""Central"", ""unitCount"": 1, ""pool"": true, ""poolType"": ""Above-Ground Pool""}",Single Family,NaN,329
"{""architectureType"": ""Townhouse"", ""cooling"": true, ""coolingType"": ""Central"", ""exteriorType"": ""Wood"", ""floorCount"": 2, ""garage"": true, ""garageSpaces"": 2, ""garageType"": ""Garage"", ""heating"": true, ""heatingType"": ""Forced Air"", ""roomCount"": 6, ""unitCount"": 1}",Condo,"""R4""",330
"{""architectureType"": ""Colonial"", ""exteriorType"": ""Wood"", ""floorCount"": 2, ""garage"": true, ""garageSpaces"": 1, ""garageType"": ""Detached Garage"", ""heating"": true, ""heatingType"": ""Forced Air"", ""unitCount"": 1}",Single Family,NaN,331
"{""cooling"": true, ""coolingType"": ""Central"", ""fireplace"": true, ""floorCount"": 2, ""foundationType"": ""Raised"", ""garage"": true, ""garageSpaces"": 1, ""garageType"": ""Attached"", ""heating"": true, ""heatingType"": ""Central"", ""roofType"": ""Asphalt""}",Single Family,NaN,332
"{""architectureType"": ""Split Entry"", ""cooling"": true, ""coolingType"": ""Central"", ""exteriorType"": ""Siding"", ""fireplace"": true, ""fireplaceType"": ""Prefab"", ""floorCount"": 2, ""foundationType"": ""Slab / Mat / Raft"", ""garage"": true, ""garageSpaces"": 2, ""garageType"": ""Attached"", ""heating"": true, ""heatingType"": ""Forced Air"", ""roofType"": ""Composition Shingle"", ""unitCount"": 1}",Single Family,"""R1""",333
"{""cooling"": true, ""coolingType"": ""Central"", ""exteriorType"": ""Stucco"", ""floorCount"": 1, ""foundationType"": ""Slab / Mat / Raft"", ""heating"": true, ""heatingType"": ""Central"", ""roofType"": ""Asphalt"", ""unitCount"": 1}",Townhouse,"""R1B""",334
"{""cooling"": true, ""coolingType"": ""Central"", ""exteriorType"": ""Brick Veneer"", ""floorCount"": 1, ""foundationType"": ""Slab / Mat / Raft"", ""garage"": true, ""garageSpaces"": 1, ""garageType"": ""Attached"", ""heating"": true, ""heatingType"": ""Central"", ""roofType"": ""Composition Shingle"", ""unitCount"": 1}",Single Family,"""Z223""",335
"{""cooling"": true, ""coolingType"": ""Central"", ""exteriorType"": ""Brick Veneer"", ""fireplace"": true, ""floorCount"": 2, ""foundationType"": ""Slab / Mat / Raft"", ""garage"": true, ""garageSpaces"": 11, ""garageType"": ""Mixed"", ""heating"": true, ""heatingType"": ""Central"", ""pool"": true, ""roofType"": ""Composition Shingle"", ""unitCount"": 1}",Single Family,NaN,336
"{""architectureType"": ""Conventional"", ""cooling"": true, ""coolingType"": ""Central"", ""exteriorType"": ""Stucco"", ""fireplace"": true, ""fireplaceType"": ""Masonry"", ""floorCount"": 2, ""foundationType"": ""Raised"", ""garage"": true, ""garageType"": ""Attached"", ""heating"": true, ""heatingType"": ""Heat Pump"", ""roofType"": ""Slate"", ""roomCount"": 5}",Single Family,NaN,337
"{""architectureType"": ""Bungalow"", ""cooling"": true, ""coolingType"": ""Central"", ""exteriorType"": ""Concrete Block"", ""floorCount"": 1, ""foundationType"": ""Raised"", ""garage"": true, ""garageSpaces"": 1, ""garageType"": ""Carport"", ""heating"": true, ""heatingType"": ""Central"", ""roomCount"": 6, ""unitCount"": 1}",Single Family,NaN,338
"{""architectureType"": ""Split Level"", ""cooling"": true, ""coolingType"": ""Central"", ""exteriorType"": ""Brick Veneer"", ""fireplace"": true, ""floorCount"": 2, ""heating"": true, ""heatingType"": ""Forced Air"", ""roofType"": ""Composition Shingle"", ""roomCount"": 7}",Single Family,"""RESIDENTIAL""",339
"{""architectureType"": ""Contemporary"", ""cooling"": true, ""coolingType"": ""Central"", ""exteriorType"": ""Combination"", ""fireplace"": true, ""floorCount"": 1, ""foundationType"": ""Slab / Mat / Raft"", ""garage"": true, ""garageSpaces"": 2, ""garageType"": ""Attached"", ""heating"": true, ""heatingType"": ""Forced Air"", ""roofType"": ""Asphalt"", ""roomCount"": 5, ""unitCount"": 1}",Single Family,NaN,340
"{""exteriorType"": ""Stucco"", ""floorCount"": 2, ""garage"": true, ""garageSpaces"": 2, ""garageType"": ""Garage"", ""unitCount"": 1}",Single Family,NaN,341
"{""cooling"": true, ""coolingType"": ""Central"", ""exteriorType"": ""Brick"", ""floorCount"": 3, ""heating"": true, ""heatingType"": ""Heat Pump"", ""roofType"": ""Wood"", ""roomCount"": 6}",Single Family,"""NMD""",342
"{""cooling"": true, ""coolingType"": ""Central"", ""exteriorType"": ""Brick"", ""fireplace"": true, ""fireplaceType"": ""Masonry"", ""floorCount"": 2, ""foundationType"": ""Raised"", ""garage"": true, ""garageSpaces"": 2, ""garageType"": ""Attached"", ""heating"": true, ""heatingType"": ""Forced Air"", ""roofType"": ""Composition Shingle"", ""unitCount"": 1}",Single Family,"""R-20 UNION COUNTY""",343
"{""architectureType"": ""Tudor"", ""cooling"": true, ""coolingType"": ""Central"", ""exteriorType"": ""Brick"", ""fireplace"": true, ""floorCount"": 1, ""garage"": true, ""garageSpaces"": 4, ""garageType"": ""Attached Garage"", ""heating"": true, ""heatingType"": ""Central"", ""pool"": true, ""roofType"": ""Asphalt"", ""roomCount"": 11, ""unitCount"": 1}",Single Family,NaN,344
"{""cooling"": true, ""coolingType"": ""Central"", ""floorCount"": 2, ""garage"": true, ""garageSpaces"": 3, ""garageType"": ""Garage"", ""heating"": true, ""heatingType"": ""Central""}",Single Family,NaN,345
"{""architectureType"": ""Colonial"", ""cooling"": true, ""coolingType"": ""Commercial"", ""exteriorType"": ""Aluminum / Vinyl Siding"", ""fireplace"": true, ""floorCount"": 2, ""foundationType"": ""Other"", ""garage"": true, ""garageSpaces"": 2, ""garageType"": ""Basement"", ""heating"": true, ""heatingType"": ""Forced Air"", ""roofType"": ""Asphalt"", ""roomCount"": 9, ""unitCount"": 1}",Single Family,"""18RH""",346
"{""architectureType"": ""Condo / Apartment""}",Condo,NaN,347
"{""architectureType"": ""Cape Cod"", ""cooling"": true, ""coolingType"": ""Central"", ""exteriorType"": ""Brick"", ""fireplace"": true, ""floorCount"": 2, ""heating"": true, ""heatingType"": ""Central"", ""roomCount"": 6, ""unitCount"": 1}",Single Family,NaN,348
"{""cooling"": true, ""coolingType"": ""Central"", ""exteriorType"": ""Brick Veneer"", ""fireplace"": true, ""fireplaceType"": ""Masonry"", ""floorCount"": 1, ""foundationType"": ""Slab / Mat / Raft"", ""garage"": true, ""garageSpaces"": 2, ""garageType"": ""Detached"", ""heating"": true, ""heatingType"": ""Electric"", ""pool"": true, ""poolType"": ""Gunite"", ""roofType"": ""Composition Shingle"", ""unitCount"": 1}",Single Family,NaN,349
